Country,Month,Reported cases of acute respiratory infections,Reported cases of severe acute respiratory infections,Reported cases of influenza-like illnesses,Reported deaths caused by severe acute respiratory infections,Reported cases of influenza-like illness per thousand outpatients,Reported cases of severe acute respiratory illness per thousand outpatients,A H1N12009 - Sentinel surveillance,A H1N12009 - Non-sentinel surveillance,A H1N12009 - Undefined surveillance,A H1N12009 - All types of surveillance,A H1 - Sentinel surveillance,A H1 - Non-sentinel surveillance,A H1 - Undefined surveillance,A H1 - All types of surveillance,A H3 - Sentinel surveillance,A H3 - Non-sentinel surveillance,A H3 - Undefined surveillance,A H3 - All types of surveillance,A H5 - Sentinel surveillance,A H5 - Non-sentinel surveillance,A H5 - Undefined surveillance,A H5 - All types of surveillance,A H7N9 - Sentinel surveillance,A H7N9 - Non-sentinel surveillance,A H7N9 - Undefined surveillance,A H7N9 - All types of surveillance,A (unknown subtype) - Sentinel surveillance,A (unknown subtype) - Non-sentinel surveillance,A (unknown subtype) - Undefined surveillance,A (unknown subtype) - All types of surveillance,Influenza A - Sentinel surveillance,Influenza A - Non-sentinel surveillance,Influenza A - Undefined surveillance,Influenza A - All types of surveillance,B Yamagata - Sentinel surveillance,B Yamagata - Non-sentinel surveillance,B Yamagata - Undefined surveillance,B Yamagata - All types of surveillance,B Victoria - Sentinel surveillance,B Victoria - Non-sentinel surveillance,B Victoria - Undefined surveillance,B Victoria - All types of surveillance,B (unknown lineage)  - Sentinel surveillance,B (unknown lineage) - Non-sentinel surveillance,B (unknown lineage) - Undefined surveillance,B (unknown lineage) - All types of surveillance,Influenza B - Sentinel surveillance,Influenza B - Non-sentinel surveillance,Influenza B - Undefined surveillance,Influenza B - All types of surveillance,All strains - Sentinel surveillance,All strains - Non-sentinel surveillance,All strains - Undefined surveillance,All strains - All types of surveillance,Sentinel surveillance,Non-sentinel surveillance,Undefined surveillance,All types of surveillance,Share of positive tests - Sentinel surveillance,Share of positive tests - Non-sentinel surveillance,Share of positive tests - Undefined surveillance,Share of positive tests - All types of surveillance,A H1N12009,A H1,A H3,A H5,A H7N9,A (unknown subtype),All Influenza A,B Victoria,B Yamagata,B (unknown lineage),All Influenza B,A H1N12009,A H1,A H3,A H5,A H7N9,A (unknown subtype),All Influenza A,B Victoria,B Yamagata,B (unknown lineage),All Influenza B,A H1N12009,A H1,A H3,A H5,A H7N9,A (unknown subtype),All Influenza A,B Victoria,B Yamagata,B (unknown lineage),All Influenza B,A H1N12009,A H1,A H3,A H5,A H7N9,A (unknown subtype) ,All Influenza A,B Victoria,B Yamagata,B (unknown lineage),All Influenza B,reported_sari_icu,outpatients_ari,outpatientssari,outpatients_ili,outpatientssari_deaths,outpatientssari_icu,inpatientsari,inpatients_sari,inpatientsili,inpatientssari_deaths,inpatients_sari_icu,spec_processed_nbnonsentinel,spec_processed_nbnotdefined,spec_processed_nbsentinel,spec_received_nbnonsentinel,spec_received_nbnotdefined,spec_received_nbsentinel,spec_processed_nbcombined,spec_received_nbcombined,ari_cases_per_thousand_outpatients
United States,2009-01-01,,,,,,,,,,,,,1266,1266,,,173,173,,,,,,,,,,,2327,2327,,,3766,3766,,,,,,,,,,,751,751,,,751,751,,,4517,4517,,,,,,,13.755905151367188,13.755905151367188,0,1266,173,0,0,2327,,0,0,751,,0,0,0,0,0,0,,0,0,0,,0,0,0,0,0,0,,0,0,0,,0,1266,173,0,0,2327,,0,0,751,,,,,,,,,,,,,,31459.0,,,31459,,31459.0,31459,
United States,2009-02-01,,,,,,,,,,,,,3034,3034,,,245,245,,,,,,,,,,,4823,4823,,,8102,8102,,,,,,,,,,,3711,3711,,,3711,3711,,,11813,11813,,,,,,,24.47031021118164,24.47031021118164,0,3034,245,0,0,4823,,0,0,3711,,0,0,0,0,0,0,,0,0,0,,0,0,0,0,0,0,,0,0,0,,0,3034,245,0,0,4823,,0,0,3711,,,,,,,,,,,,,,48250.0,,,48250,,48250.0,48250,
United States,2009-03-01,,,,,,,,,,,,,1664,1664,,,266,266,,,,,,,,,,,2443,2443,,,4373,4373,,,,,,,,,,,4253,4253,,,4253,4253,,,8626,8626,,,,,,,19.426814842224122,19.426814842224122,0,1664,266,0,0,2443,,0,0,4253,,0,0,0,0,0,0,,0,0,0,,0,0,0,0,0,0,,0,0,0,,0,1664,266,0,0,2443,,0,0,4253,,,,,,,,,,,,,,42685.0,,,42685,,42685.0,42685,
United States,2009-04-01,,,,,,,,,1513,1513,,,851,851,,,950,950,,,,,,,,,,,780,780,,,4094,4094,,,,,,,,,,,1369,1369,,,1369,1369,,,5463,5463,,,,,,,9.182134628295898,9.182134628295898,1513,851,950,0,0,780,,0,0,1369,,0,0,0,0,0,0,,0,0,0,,0,0,0,0,0,0,,0,0,0,,1513,851,950,0,0,780,,0,0,1369,,,,,,,,,,,,,,49462.0,,,49462,,49462.0,49462,
United States,2009-05-01,,,,,,,,,9816,9816,,,740,740,,,1486,1486,,,,,,,,,,,3078,3078,,,15120,15120,,,,,,,,,,,759,759,,,759,759,,,15879,15879,,,,,,,22.54689383506775,22.54689383506775,9816,740,1486,0,0,3078,,0,0,759,,0,0,0,0,0,0,,0,0,0,,0,0,0,0,0,0,,0,0,0,,9816,740,1486,0,0,3078,,0,0,759,,,,,,,,,,,,,,78115.0,,,78115,,78115.0,78115,
United States,2009-06-01,,,,,,,,,17518,17518,,,161,161,,,1012,1012,,,,,,,,,,,5102,5102,,,23793,23793,,,,,,,,,,,64,64,,,64,64,,,23857,23857,,,,,,,37.71618995666504,37.71618995666504,17518,161,1012,0,0,5102,,0,0,64,,0,0,0,0,0,0,,0,0,0,,0,0,0,0,0,0,,0,0,0,,17518,161,1012,0,0,5102,,0,0,64,,,,,,,,,,,,,,62617.0,,,62617,,62617.0,62617,
United States,2009-07-01,,,,,,,,,8412,8412,,,56,56,,,95,95,,,,,,,,,,,2327,2327,,,10890,10890,,,,,,,,,,,18,18,,,18,18,,,10908,10908,,,,,,,29.426730155944824,29.426730155944824,8412,56,95,0,0,2327,,0,0,18,,0,0,0,0,0,0,,0,0,0,,0,0,0,0,0,0,,0,0,0,,8412,56,95,0,0,2327,,0,0,18,,,,,,,,,,,,,,36965.0,,,36965,,36965.0,36965,
United States,2009-08-01,,,,,,,,,7430,7430,,,33,33,,,56,56,,,0,0,,,,,,,3224,3224,,,10743,10743,,,,,,,,,,,27,27,,,27,27,,,10770,10770,,,,,,,21.56333236694336,21.56333236694336,7430,33,56,0,0,3224,,0,0,27,,0,0,0,0,0,0,,0,0,0,,0,0,0,0,0,0,,0,0,0,,7430,33,56,0,0,3224,,0,0,27,,,,,,,,,,,,,,50399.0,,,50399,,50399.0,50399,
United States,2009-09-01,,,47303,,55.383056640625,,,,11616,11616,,,14,14,,,22,22,,,0,0,,,,,,,6756,6756,,,18408,18408,,,,,,,,,,,51,51,,,51,51,,,18459,18459,,,,,,,24.278789520263672,24.278789520263672,11616,14,22,0,0,6756,,0,0,51,,0,0,0,0,0,0,,0,0,0,,0,0,0,0,0,0,,0,0,0,,11616,14,22,0,0,6756,,0,0,51,,,,,854106.0,,,,,,,,,75630.0,,,75630,,75630.0,75630,
United States,2009-10-01,,,242433,,68.14910888671875,,,,32221,32221,,,6,6,,,6,6,,,0,0,,,,,,,8609,8609,,,40842,40842,,,,,,,,,,,86,86,,,86,86,,,40928,40928,,,,,,,35.90960693359375,35.90960693359375,32221,6,6,0,0,8609,,0,0,86,,0,0,0,0,0,0,,0,0,0,,0,0,0,0,0,0,,0,0,0,,32221,6,6,0,0,8609,,0,0,86,,,,,3554855.0,,,,,,,,,113460.0,,,113460,,113460.0,113460,
United States,2009-11-01,,,136597,,34.18608131408691,,,,15830,15830,,,7,7,,,7,7,,,0,0,,,,,,,4110,4110,,,19954,19954,,,,,,,,,,,68,68,,,68,68,,,20022,20022,,,,,,,20.100505065917968,20.100505065917968,15830,7,7,0,0,4110,,0,0,68,,0,0,0,0,0,0,,0,0,0,,0,0,0,0,0,0,,0,0,0,,15830,7,7,0,0,4110,,0,0,68,,,,,3964012.0,,,,,,,,,90956.0,,,90956,,90956.0,90956,
United States,2009-12-01,,,46469,,19.103232860565186,,,,1626,1626,,,4,4,,,7,7,,,0,0,,,,,,,626,626,,,2263,2263,,,,,,,,,,,20,20,,,20,20,,,2283,2283,,,,,,,5.662191390991211,5.662191390991211,1626,4,7,0,0,626,,0,0,20,,0,0,0,0,0,0,,0,0,0,,0,0,0,0,0,0,,0,0,0,,1626,4,7,0,0,626,,0,0,20,,,,,1840239.0,,,,,,,,,39559.0,,,39559,,39559.0,39559,
United States,2010-01-01,,,57471,,18.909245491027832,,,,1112,1112,,,,,,,6,6,,,0,0,,,,,,,460,460,,,1579,1579,,,,,,,,,,,32,32,,,32,32,,,1611,1611,,,,,,,4.555065631866455,4.555065631866455,1112,0,6,0,0,460,,0,0,32,,0,0,0,0,0,0,,0,0,0,,0,0,0,0,0,0,,0,0,0,,1112,0,6,0,0,460,,0,0,32,,,,,3041444.0,,,,,,,,,35526.0,,,35526,,35526.0,35526,
United States,2010-02-01,,,62235,,20.1530818939209,,,,1104,1104,,,,,,,1,1,,,0,0,,,,,,,440,440,,,1545,1545,,,,,,,,,,,24,24,,,24,24,,,1569,1569,,,,,,,4.711836338043213,4.711836338043213,1104,0,1,0,0,440,,0,0,24,,0,0,0,0,0,0,,0,0,0,,0,0,0,0,0,0,,0,0,0,,1104,0,1,0,0,440,,0,0,24,,,,,3088216.0,,,,,,,,,33324.0,,,33324,,33324.0,33324,
United States,2010-03-01,,,63738,,16.834790420532226,,,,1301,1301,,,,,,,3,3,,,0,0,,,,,,,413,413,,,1717,1717,,,,,,,,,,,37,37,,,37,37,,,1754,1754,,,,,,,5.278883266448974,5.278883266448974,1301,0,3,0,0,413,,0,0,37,,0,0,0,0,0,0,,0,0,0,,0,0,0,0,0,0,,0,0,0,,1301,0,3,0,0,413,,0,0,37,,,,,3774607.0,,,,,,,,,32575.0,,,32575,,32575.0,32575,
United States,2010-04-01,,,33945,,11.665259599685669,,,,185,185,,,,,,,4,4,,,0,0,,,,,,,90,90,,,279,279,,,,,,,,,,,16,16,,,16,16,,,295,295,,,,,,,1.7768950164318085,1.7768950164318085,185,0,4,0,0,90,,0,0,16,,0,0,0,0,0,0,,0,0,0,,0,0,0,0,0,0,,0,0,0,,185,0,4,0,0,90,,0,0,16,,,,,2910125.0,,,,,,,,,16130.0,,,16130,,16130.0,16130,
United States,2010-05-01,,,36295,,11.24717845916748,,,,36,36,,,,,,,4,4,,,0,0,,,,,,,41,41,,,81,81,,,,,,,,,,,11,11,,,11,11,,,92,92,,,,,,,0.6420743286609649,0.6420743286609649,36,0,4,0,0,41,,0,0,11,,0,0,0,0,0,0,,0,0,0,,0,0,0,0,0,0,,0,0,0,,36,0,4,0,0,41,,0,0,11,,,,,3230716.0,,,,,,,,,13815.0,,,13815,,13815.0,13815,
United States,2010-06-01,,,20658,,9.058618545532227,,,,6,6,,,,,,,10,10,,,0,0,,,,,,,13,13,,,29,29,,,,,,,,,,,8,8,,,8,8,,,37,37,,,,,,,0.4577667787671089,0.4577667787671089,6,0,10,0,0,13,,0,0,8,,0,0,0,0,0,0,,0,0,0,,0,0,0,0,0,0,,0,0,0,,6,0,10,0,0,13,,0,0,8,,,,,2277424.0,,,,,,,,,8088.0,,,8088,,8088.0,8088,
United States,2010-07-01,,,16199,,7.813714385032654,,,,4,4,,,,,,,24,24,,,0,0,,,,,,,11,11,,,39,39,,,,,,,,,,,11,11,,,11,11,,,50,50,,,,,,,0.7443201430141926,0.7443201430141926,4,0,24,0,0,11,,0,0,11,,0,0,0,0,0,0,,0,0,0,,0,0,0,0,0,0,,0,0,0,,4,0,24,0,0,11,,0,0,11,,,,,2074495.0,,,,,,,,,6606.0,,,6552,,6606.0,6552,
United States,2010-08-01,,,18203,,8.005458450317382,,,,33,33,,,,,,,58,58,,,0,0,,,,,,,31,31,,,122,122,,,,,,,,,,,29,29,,,29,29,,,151,151,,,,,,,1.5988110780715943,1.5988110780715943,33,0,58,0,0,31,,0,0,29,,0,0,0,0,0,0,,0,0,0,,0,0,0,0,0,0,,0,0,0,,33,0,58,0,0,31,,0,0,29,,,,,2279275.0,,,,,,,,,9360.0,,,9360,,9360.0,9360,
United States,2010-09-01,,,0,,0,,,,16,16,,,,,,,91,91,,,0,0,,,,,,,70,70,,,177,177,,,,,,,,,,,62,62,,,62,62,,,239,239,,,,,,,2.147255837917328,2.147255837917328,16,0,91,0,0,70,,0,0,62,,0,0,0,0,0,0,,0,0,0,,0,0,0,0,0,0,,0,0,0,,16,0,91,0,0,70,,0,0,62,,,,,0.0,,,,,,,,,11099.0,,,11099,,11099.0,11099,
United States,2010-10-01,,,0,,0,,,,41,41,,,,,,,143,143,,,0,0,,,,,,,173,173,,,357,357,,,,,,,,,,,157,157,,,157,157,,,514,514,,,,,,,3.0942644476890564,3.0942644476890564,41,0,143,0,0,173,,0,0,157,,0,0,0,0,0,0,,0,0,0,,0,0,0,0,0,0,,0,0,0,,41,0,143,0,0,173,,0,0,157,,,,,0.0,,,,,,,,,16414.0,,,16414,,16414.0,16414,
United States,2010-11-01,,,0,,0,,,,95,95,,,,,,,594,594,,,0,0,,,,,,,563,563,,,1252,1252,,,,,,,,,,,1035,1035,,,1035,1035,,,2287,2287,,,,,,,8.064445114135742,8.064445114135742,95,0,594,0,0,563,,0,0,1035,,0,0,0,0,0,0,,0,0,0,,0,0,0,0,0,0,,0,0,0,,95,0,594,0,0,563,,0,0,1035,,,,,0.0,,,,,,,,,27890.0,,,27890,,27890.0,27890,
United States,2010-12-01,,,0,,0,,,,417,417,,,,,,,2679,2679,,,0,0,,,,,,,1392,1392,,,4488,4488,,,,,,,,,,,2166,2166,,,2166,2166,,,6654,6654,,,,,,,20.853474855422974,20.853474855422974,417,0,2679,0,0,1392,,0,0,2166,,0,0,0,0,0,0,,0,0,0,,0,0,0,0,0,0,,0,0,0,,417,0,2679,0,0,1392,,0,0,2166,,,,,0.0,,,,,,,,,30993.0,,,30993,,30993.0,30993,
United States,2011-01-01,,,133061,,34.971984481811525,,,,3923,3923,,,,,,,6688,6688,,,0,0,,,,,,,4134,4134,,,14745,14745,,,,,,,,,,,4009,4009,,,4009,4009,,,18754,18754,,,,,,,31.60598487854004,31.60598487854004,3923,0,6688,0,0,4134,,0,0,4009,,0,0,0,0,0,0,,0,0,0,,0,0,0,0,0,0,,0,0,0,,3923,0,6688,0,0,4134,,0,0,4009,,,,,3783759.0,,,,,,,,,58663.0,,,58663,,58663.0,58663,
United States,2011-02-01,,,126837,,39.10553216934204,,,,4709,4709,,,,,,,5172,5172,,,0,0,,,,,,,4466,4466,,,14347,14347,,,,,,,,,,,4647,4647,,,4647,4647,,,18994,18994,,,,,,,32.2625527381897,32.2625527381897,4709,0,5172,0,0,4466,,0,0,4647,,0,0,0,0,0,0,,0,0,0,,0,0,0,0,0,0,,0,0,0,,4709,0,5172,0,0,4466,,0,0,4647,,,,,3235396.0,,,,,,,,,58470.0,,,58470,,58470.0,58470,
United States,2011-03-01,,,64486,,21.80964231491089,,,,1519,1519,,,,,,,2056,2056,,,0,0,,,,,,,1346,1346,,,4921,4921,,,,,,,,,,,1935,1935,,,1935,1935,,,6856,6856,,,,,,,18.128466844558716,18.128466844558716,1519,0,2056,0,0,1346,,0,0,1935,,0,0,0,0,0,0,,0,0,0,,0,0,0,0,0,0,,0,0,0,,1519,0,2056,0,0,1346,,0,0,1935,,,,,2951996.0,,,,,,,,,36370.0,,,36370,,36370.0,36370,
United States,2011-04-01,,,37363,,13.501991510391235,,,,172,172,,,,,,,419,419,,,0,0,,,,,,,208,208,,,799,799,,,,,,,,,,,541,541,,,541,541,,,1340,1340,,,,,,,6.231082797050476,6.231082797050476,172,0,419,0,0,208,,0,0,541,,0,0,0,0,0,0,,0,0,0,,0,0,0,0,0,0,,0,0,0,,172,0,419,0,0,208,,0,0,541,,,,,2758112.0,,,,,,,,,19877.0,,,19877,,19877.0,19877,
United States,2011-05-01,,,33053,,10.873521041870116,,,,16,16,,,,,,,38,38,,,0,0,,,,,,,37,37,,,91,91,,,,,,,,,,,56,56,,,56,56,,,147,147,,,,,,,1.0270967960357666,1.0270967960357666,16,0,38,0,0,37,,0,0,56,,0,0,0,0,0,0,,0,0,0,,0,0,0,0,0,0,,0,0,0,,16,0,38,0,0,37,,0,0,56,,,,,3039704.0,,,,,,,,,13368.0,,,13368,,13368.0,13368,
United States,2011-06-01,,,19044,,8.906672954559326,,,,4,4,,,,,,,1,1,,,0,0,,,,,,,8,8,,,13,13,,,,,,,,,,,7,7,,,7,7,,,20,20,,,,,,,0.2937995381653309,0.2937995381653309,4,0,1,0,0,8,,0,0,7,,0,0,0,0,0,0,,0,0,0,,0,0,0,0,0,0,,0,0,0,,4,0,1,0,0,8,,0,0,7,,,,,2132372.0,,,,,,,,,6764.0,,,6764,,6764.0,6764,
United States,2011-07-01,,,14830,,7.3754754066467285,,,,2,2,,,,,,,7,7,,,0,0,,,,,,,3,3,,,12,12,,,,,,,,,,,10,10,,,10,10,,,22,22,,,,,,,0.4296460300683975,0.4296460300683975,2,0,7,0,0,3,,0,0,10,,0,0,0,0,0,0,,0,0,0,,0,0,0,0,0,0,,0,0,0,,2,0,7,0,0,3,,0,0,10,,,,,2018552.0,,,,,,,,,5057.0,,,5057,,5057.0,5057,
United States,2011-08-01,,,19674,,7.471421909332276,,,,7,7,,,,,,,17,17,,,0,0,,,,,,,31,31,,,55,55,,,,,,,,,,,13,13,,,13,13,,,68,68,,,,,,,0.9598559379577637,0.9598559379577637,7,0,17,0,0,31,,0,0,13,,0,0,0,0,0,0,,0,0,0,,0,0,0,0,0,0,,0,0,0,,7,0,17,0,0,31,,0,0,13,,,,,2623138.0,,,,,,,,,7050.0,,,7050,,7050.0,7050,
United States,2011-09-01,,,22443,,9.995989799499512,,,,2,2,,,,,,,23,23,,,0,0,,,,,,,37,37,,,62,62,,,,,,,,,,,16,16,,,16,16,,,78,78,,,,,,,0.9688279032707214,0.9688279032707214,2,0,23,0,0,37,,0,0,16,,0,0,0,0,0,0,,0,0,0,,0,0,0,0,0,0,,0,0,0,,2,0,23,0,0,37,,0,0,16,,,,,2238695.0,,,,,,,,,7966.0,,,7966,,7966.0,7966,
United States,2011-10-01,,,50824,,12.893168640136718,,,,6,6,,,,,,,62,62,,,0,0,,,,,,,47,47,,,115,115,,,,,,,,,,,46,46,,,46,46,,,161,161,,,,,,,0.9042640209197998,0.9042640209197998,6,0,62,0,0,47,,0,0,46,,0,0,0,0,0,0,,0,0,0,,0,0,0,0,0,0,,0,0,0,,6,0,62,0,0,47,,0,0,46,,,,,3942229.0,,,,,,,,,17694.0,,,17694,,17694.0,17694,
United States,2011-11-01,,,45099,,15.013574600219727,,,,7,7,,,,,,,85,85,,,0,0,,,,,,,85,85,,,177,177,,,,,,,,,,,63,63,,,63,63,,,240,240,,,,,,,1.3808594793081284,1.3808594793081284,7,0,85,0,0,85,,0,0,63,,0,0,0,0,0,0,,0,0,0,,0,0,0,0,0,0,,0,0,0,,7,0,85,0,0,85,,0,0,63,,,,,3018520.0,,,,,,,,,17465.0,,,17465,,17465.0,17465,
United States,2011-12-01,,,47676,,17.863420009613037,,,,20,20,,,,,,,327,327,,,0,0,,,,,,,175,175,,,522,522,,,,,,,,,,,80,80,,,80,80,,,602,602,,,,,,,3.0158668160438538,3.0158668160438538,20,0,327,0,0,175,,0,0,80,,0,0,0,0,0,0,,0,0,0,,0,0,0,0,0,0,,0,0,0,,20,0,327,0,0,175,,0,0,80,,,,,2699090.0,,,,,,,,,19838.0,,,19838,,19838.0,19838,
United States,2012-01-01,,,63208,,17.005342864990233,,,,305,305,,,,,,,1055,1055,,,0,0,,,,,,,357,357,,,1717,1717,,,,,,,,,,,125,125,,,125,125,,,1842,1842,,,,,,,6.550359487533569,6.550359487533569,305,0,1055,0,0,357,,0,0,125,,0,0,0,0,0,0,,0,0,0,,0,0,0,0,0,0,,0,0,0,,305,0,1055,0,0,357,,0,0,125,,,,,3716593.0,,,,,,,,,27730.0,,,27730,,27730.0,27730,
United States,2012-02-01,,,63243,,20.185805797576904,,,,1122,1122,,,,,,,2601,2601,,,0,0,,,,,,,1132,1132,,,4855,4855,,,,,,,,,,,306,306,,,306,306,,,5161,5161,,,,,,,17.97657299041748,17.97657299041748,1122,0,2601,0,0,1132,,0,0,306,,0,0,0,0,0,0,,0,0,0,,0,0,0,0,0,0,,0,0,0,,1122,0,2601,0,0,1132,,0,0,306,,,,,3133789.0,,,,,,,,,28087.0,,,28087,,28087.0,28087,
United States,2012-03-01,,,60494,,20.15915298461914,,,,1810,1810,,,,,,,4422,4422,,,0,0,,,,,,,1635,1635,,,7867,7867,,,,,,,,,,,793,793,,,793,793,,,8660,8660,,,,,,,27.801515579223633,27.801515579223633,1810,0,4422,0,0,1635,,0,0,793,,0,0,0,0,0,0,,0,0,0,,0,0,0,0,0,0,,0,0,0,,1810,0,4422,0,0,1635,,0,0,793,,,,,3000889.0,,,,,,,,,30922.0,,,30922,,30922.0,30922,
United States,2012-04-01,,,51193,,14.408253860473632,,,,722,722,,,,,,,2443,2443,,,0,0,,,,,,,874,874,,,4039,4039,,,,,,,,,,,1389,1389,,,1389,1389,,,5428,5428,,,,,,,20.201567077636717,20.201567077636717,722,0,2443,0,0,874,,0,0,1389,,0,0,0,0,0,0,,0,0,0,,0,0,0,0,0,0,,0,0,0,,722,0,2443,0,0,874,,0,0,1389,,,,,3552474.0,,,,,,,,,26466.0,,,26466,,26466.0,26466,
United States,2012-05-01,,,31733,,12.895743131637573,,,,107,107,,,,,,,573,573,,,0,0,,,,,,,242,242,,,922,922,,,,,,,,,,,995,995,,,995,995,,,1917,1917,,,,,,,13.755993127822876,13.755993127822876,107,0,573,0,0,242,,0,0,995,,0,0,0,0,0,0,,0,0,0,,0,0,0,0,0,0,,0,0,0,,107,0,573,0,0,242,,0,0,995,,,,,2460791.0,,,,,,,,,13828.0,,,13828,,13828.0,13828,
United States,2012-06-01,,,24753,,10.963733911514282,,,,31,31,,,,,,,175,175,,,0,0,,,,,,,140,140,,,346,346,,,,,,,,,,,601,601,,,601,601,,,947,947,,,,,,,9.14617919921875,9.14617919921875,31,0,175,0,0,140,,0,0,601,,0,0,0,0,0,0,,0,0,0,,0,0,0,0,0,0,,0,0,0,,31,0,175,0,0,140,,0,0,601,,,,,2256451.0,,,,,,,,,10169.0,,,10169,,10169.0,10169,
United States,2012-07-01,,,25698,,9.482234764099122,,,,12,12,,,,,,,184,184,,,0,0,,,,,,,158,158,,,354,354,,,,,,,,,,,213,213,,,213,213,,,567,567,,,,,,,5.936910009384155,5.936910009384155,12,0,184,0,0,158,,0,0,213,,0,0,0,0,0,0,,0,0,0,,0,0,0,0,0,0,,0,0,0,,12,0,184,0,0,158,,0,0,213,,,,,2715049.0,,,,,,,,,9524.0,,,9524,,9524.0,9524,
United States,2012-08-01,,,22528,,9.756520986557007,,,,17,17,,,,,,,216,216,,,0,0,,,,,,,195,195,,,428,428,,,,,,,,,,,105,105,,,105,105,,,533,533,,,,,,,5.904800891876221,5.904800891876221,17,0,216,0,0,195,,0,0,105,,0,0,0,0,0,0,,0,0,0,,0,0,0,0,0,0,,0,0,0,,17,0,216,0,0,195,,0,0,105,,,,,2303159.0,,,,,,,,,9190.0,,,9190,,9190.0,9190,
United States,2012-09-01,,,29135,,11.899927616119385,,,,8,8,,,,,,,104,104,,,0,0,,,,,,,65,65,,,177,177,,,,,,,,,,,173,173,,,173,173,,,350,350,,,,,,,3.174634575843811,3.174634575843811,8,0,104,0,0,65,,0,0,173,,0,0,0,0,0,0,,0,0,0,,0,0,0,0,0,0,,0,0,0,,8,0,104,0,0,65,,0,0,173,,,,,2444733.0,,,,,,,,,11106.0,,,11106,,11106.0,11106,
United States,2012-10-01,,,52082,,13.372855186462402,,,,21,21,,,,,,,595,595,,,0,0,,,,,,,204,204,,,820,820,,,,,,,,,,,588,588,,,588,588,,,1408,1408,,,,,,,5.752255487442016,5.752255487442016,21,0,595,0,0,204,,0,0,588,,0,0,0,0,0,0,,0,0,0,,0,0,0,0,0,0,,0,0,0,,21,0,595,0,0,204,,0,0,588,,,,,3899791.0,,,,,,,,,24132.0,,,24132,,24132.0,24132,
United States,2012-11-01,,,59091,,19.693119049072266,,,,38,38,,,,,,,2219,2219,,,0,0,,,,,,,1264,1264,,,3521,3521,,,,,,,,,,,1355,1355,,,1355,1355,,,4876,4876,,,,,,,16.407097339630127,16.407097339630127,38,0,2219,0,0,1264,,0,0,1355,,0,0,0,0,0,0,,0,0,0,,0,0,0,0,0,0,,0,0,0,,38,0,2219,0,0,1264,,0,0,1355,,,,,3020954.0,,,,,,,,,28498.0,,,28498,,28498.0,28498,
United States,2012-12-01,,,158919,,44.23082237243652,,,,301,301,,,,,,,15152,15152,,,0,0,,,,,,,6556,6556,,,22009,22009,,,,,,,,,,,4855,4855,,,4855,4855,,,26864,26864,,,,,,,34.89803924560547,34.89803924560547,301,0,15152,0,0,6556,,0,0,4855,,0,0,0,0,0,0,,0,0,0,,0,0,0,0,0,0,,0,0,0,,301,0,15152,0,0,6556,,0,0,4855,,,,,3692988.0,,,,,,,,,76123.0,,,76123,,76123.0,76123,
United States,2013-01-01,,,141730,,43.07149314880371,,,,460,460,,,,,,,11282,11282,,,0,0,,,,,,,5870,5870,,,17612,17612,,,,,,,,,,,4390,4390,,,4390,4390,,,22002,22002,,,,,,,30.641435623168945,30.641435623168945,460,0,11282,0,0,5870,,0,0,4390,,0,0,0,0,0,0,,0,0,0,,0,0,0,0,0,0,,0,0,0,,460,0,11282,0,0,5870,,0,0,4390,,,,,3282279.0,,,,,,,,,71175.0,,,71175,,71175.0,71175,
United States,2013-02-01,,,86990,,28.394234657287598,,,,313,313,,,,,,,2919,2919,,,0,0,,,,,,,1844,1844,,,5076,5076,,,,,,,,,,,4213,4213,,,4213,4213,,,9289,9289,,,,,,,20.615721225738525,20.615721225738525,313,0,2919,0,0,1844,,0,0,4213,,0,0,0,0,0,0,,0,0,0,,0,0,0,0,0,0,,0,0,0,,313,0,2919,0,0,1844,,0,0,4213,,,,,3061592.0,,,,,,,,,44624.0,,,44624,,44624.0,44624,
United States,2013-03-01,,,65147,,22.553346633911133,,,,162,162,,,,,,,760,760,,,0,0,,,,,,,620,620,,,1542,1542,,,,,,,,,,,3727,3727,,,3727,3727,,,5269,5269,,,,,,,16.20006561279297,16.20006561279297,162,0,760,0,0,620,,0,0,3727,,0,0,0,0,0,0,,0,0,0,,0,0,0,0,0,0,,0,0,0,,162,0,760,0,0,620,,0,0,3727,,,,,2884212.0,,,,,,,,,32216.0,,,32216,,32216.0,32216,
United States,2013-04-01,,,48902,,13.987145042419433,,,,150,150,,,,,,,375,375,,,0,0,,,,,,,282,282,,,807,807,,,,,,,,,,,1843,1843,,,1843,1843,,,2650,2650,,,,,,,9.78537540435791,9.78537540435791,150,0,375,0,0,282,,0,0,1843,,0,0,0,0,0,0,,0,0,0,,0,0,0,0,0,0,,0,0,0,,150,0,375,0,0,282,,0,0,1843,,,,,3488913.0,,,,,,,,,26154.0,,,26154,,26154.0,26154,
United States,2013-05-01,,,27794,,11.591796875,,,,50,50,,,,,,,92,92,,,0,0,,,,,,,95,95,,,237,237,,,,,,,,,,,495,495,,,495,495,,,732,732,,,,,,,5.118133187294006,5.118133187294006,50,0,92,0,0,95,,0,0,495,,0,0,0,0,0,0,,0,0,0,,0,0,0,0,0,0,,0,0,0,,50,0,92,0,0,95,,0,0,495,,,,,2395732.0,,,,,,,,,14174.0,,,14174,,14174.0,14174,
United States,2013-06-01,,,21369,,9.853349924087524,,,,41,41,,,,,,,39,39,,,0,0,,,,,,,121,121,,,201,201,,,,,,,,,,,214,214,,,214,214,,,415,415,,,,,,,3.5792150497436523,3.5792150497436523,41,0,39,0,0,121,,0,0,214,,0,0,0,0,0,0,,0,0,0,,0,0,0,0,0,0,,0,0,0,,41,0,39,0,0,121,,0,0,214,,,,,2168023.0,,,,,,,,,11462.0,,,11462,,11462.0,11462,
United States,2013-07-01,,,21228,,8.44932975769043,,,,36,36,,,,,,,75,75,,,0,0,,,,,,,147,147,,,258,258,,,,,,,,,,,79,79,,,79,79,,,337,337,,,,,,,3.029601049423218,3.029601049423218,36,0,75,0,0,147,,0,0,79,,0,0,0,0,0,0,,0,0,0,,0,0,0,0,0,0,,0,0,0,,36,0,75,0,0,147,,0,0,79,,,,,2517101.0,,,,,,,,,11101.0,,,11101,,11101.0,11101,
United States,2013-08-01,,,17393,,8.526750802993774,,,,75,75,,,,,,,21,21,,,0,0,,,,,,,168,168,,,264,264,,,,,,,,,,,35,35,,,35,35,,,299,299,,,,,,,3.2392519116401672,3.2392519116401672,75,0,21,0,0,168,,0,0,35,,0,0,0,0,0,0,,0,0,0,,0,0,0,0,0,0,,0,0,0,,75,0,21,0,0,168,,0,0,35,,,,,2038939.0,,,,,,,,,9024.0,,,9024,,9024.0,9024,
United States,2013-09-01,,,36255,,12.088752174377442,,,,216,216,,,,,,,39,39,,,0,0,,,,,,,330,330,,,585,585,,,,,,,,,,,89,89,,,89,89,,,674,674,,,,,,,3.7970691204071043,3.7970691204071043,216,0,39,0,0,330,,0,0,89,,0,0,0,0,0,0,,0,0,0,,0,0,0,0,0,0,,0,0,0,,216,0,39,0,0,330,,0,0,89,,,,,3071492.0,,,,,,,,,17712.0,,,17712,,17712.0,17712,
United States,2013-10-01,,,45738,,13.12063455581665,,,,230,230,,,,,,,73,73,,,0,0,,,,,,,456,456,,,759,759,,,,,,,,,,,108,108,,,108,108,,,867,867,,,,,,,3.9579927921295166,3.9579927921295166,230,0,73,0,0,456,,0,0,108,,0,0,0,0,0,0,,0,0,0,,0,0,0,0,0,0,,0,0,0,,230,0,73,0,0,456,,0,0,108,,,,,3483746.0,,,,,,,,,21819.0,,,21819,,21819.0,21819,
United States,2013-11-01,,,56584,,17.375970125198364,,,,1297,1297,,,,,,,101,101,,,0,0,,,,,,,905,905,,,2303,2303,,,,,,,,,,,177,177,,,177,177,,,2480,2480,,,,,,,8.676054239273071,8.676054239273071,1297,0,101,0,0,905,,0,0,177,,0,0,0,0,0,0,,0,0,0,,0,0,0,0,0,0,,0,0,0,,1297,0,101,0,0,905,,0,0,177,,,,,3300772.0,,,,,,,,,28415.0,,,28415,,28415.0,28415,
United States,2013-12-01,,,118761,,32.54655494689941,,,,9937,9937,,,,,,,244,244,,,0,0,,,,,,,6307,6307,,,16488,16488,,,,,,,,,,,347,347,,,347,347,,,16835,16835,,,,,,,25.13218765258789,25.13218765258789,9937,0,244,0,0,6307,,0,0,347,,0,0,0,0,0,0,,0,0,0,,0,0,0,0,0,0,,0,0,0,,9937,0,244,0,0,6307,,0,0,347,,,,,3769887.0,,,,,,,,,64321.0,,,64321,,64321.0,64321,
United States,2014-01-01,,,105721,,32.27393627166748,,,,10187,10187,,,,,,,406,406,,,0,0,,,,,,,4110,4110,,,14703,14703,,,,,,,,,,,497,497,,,497,497,,,15200,15200,,,,,,,24.49518871307373,24.49518871307373,10187,0,406,0,0,4110,,0,0,497,,0,0,0,0,0,0,,0,0,0,,0,0,0,0,0,0,,0,0,0,,10187,0,406,0,0,4110,,0,0,497,,,,,3274955.0,,,,,,,,,61470.0,,,61470,,61470.0,61470,
United States,2014-02-01,,,72538,,22.430888175964355,,,,3702,3702,,,,,,,376,376,,,0,0,,,,,,,1568,1568,,,5646,5646,,,,,,,,,,,854,854,,,854,854,,,6500,6500,,,,,,,14.889845848083496,14.889845848083496,3702,0,376,0,0,1568,,0,0,854,,0,0,0,0,0,0,,0,0,0,,0,0,0,0,0,0,,0,0,0,,3702,0,376,0,0,1568,,0,0,854,,,,,3238540.0,,,,,,,,,42863.0,,,42863,,42863.0,42863,
United States,2014-03-01,,,73252,,18.343543243408202,,,,1139,1139,,,,,,,762,762,,,0,0,,,,,,,844,844,,,2745,2745,,,,,,,,,,,1950,1950,,,1950,1950,,,4695,4695,,,,,,,12.044940567016601,12.044940567016601,1139,0,762,0,0,844,,0,0,1950,,0,0,0,0,0,0,,0,0,0,,0,0,0,0,0,0,,0,0,0,,1139,0,762,0,0,844,,0,0,1950,,,,,3993555.0,,,,,,,,,39245.0,,,39245,,39245.0,39245,
United States,2014-04-01,,,46449,,14.857772588729858,,,,102,102,,,,,,,731,731,,,0,0,,,,,,,533,533,,,1366,1366,,,,,,,,,,,1798,1798,,,1798,1798,,,3164,3164,,,,,,,13.18189525604248,13.18189525604248,102,0,731,0,0,533,,0,0,1798,,0,0,0,0,0,0,,0,0,0,,0,0,0,0,0,0,,0,0,0,,102,0,731,0,0,533,,0,0,1798,,,,,3118637.0,,,,,,,,,23920.0,,,23920,,23920.0,23920,
United States,2014-05-01,,,35149,,12.803198099136353,,,,17,17,,,,,,,432,432,,,0,0,,,,,,,338,338,,,787,787,,,,,,,,,,,1051,1051,,,1051,1051,,,1838,1838,,,,,,,9.455016613006592,9.455016613006592,17,0,432,0,0,338,,0,0,1051,,0,0,0,0,0,0,,0,0,0,,0,0,0,0,0,0,,0,0,0,,17,0,432,0,0,338,,0,0,1051,,,,,2741152.0,,,,,,,,,19325.0,,,19325,,19325.0,19325,
United States,2014-06-01,,,31704,,10.593927574157714,,,,9,9,,,,,,,345,345,,,0,0,,,,,,,197,197,,,551,551,,,,,,,,,,,553,553,,,553,553,,,1104,1104,,,,,,,6.014892292022705,6.014892292022705,9,0,345,0,0,197,,0,0,553,,0,0,0,0,0,0,,0,0,0,,0,0,0,0,0,0,,0,0,0,,9,0,345,0,0,197,,0,0,553,,,,,2985676.0,,,,,,,,,18098.0,,,18098,,18098.0,18098,
United States,2014-07-01,,,19951,,8.41103982925415,,,,6,6,,,,,,,167,167,,,0,0,,,,,,,102,102,,,275,275,,,,,,,,,,,172,172,,,172,172,,,447,447,,,,,,,3.861657440662384,3.861657440662384,6,0,167,0,0,102,,0,0,172,,0,0,0,0,0,0,,0,0,0,,0,0,0,0,0,0,,0,0,0,,6,0,167,0,0,102,,0,0,172,,,,,2371834.0,,,,,,,,,11547.0,,,11550,,11547.0,11550,
United States,2014-08-01,,,20669,,8.42655599117279,,,,13,13,,,,,,,196,196,,,0,0,,,,,,,84,84,,,293,293,,,,,,,,,,,137,137,,,137,137,,,430,430,,,,,,,3.21564120054245,3.21564120054245,13,0,196,0,0,84,,0,0,137,,0,0,0,0,0,0,,0,0,0,,0,0,0,0,0,0,,0,0,0,,13,0,196,0,0,84,,0,0,137,,,,,2451151.0,,,,,,,,,13280.0,,,13280,,13280.0,13280,
United States,2014-09-01,,,40514,,11.837003707885742,,,,17,17,,,,,,,371,371,,,0,0,,,,,,,246,246,,,634,634,,,,,,,,,,,286,286,,,286,286,,,920,920,,,,,,,2.974685478210449,2.974685478210449,17,0,371,0,0,246,,0,0,286,,0,0,0,0,0,0,,0,0,0,,0,0,0,0,0,0,,0,0,0,,17,0,371,0,0,246,,0,0,286,,,,,3406248.0,,,,,,,,,30346.0,,,30346,,30346.0,30346,
United States,2014-10-01,,,48388,,14.140799760818481,,,,21,21,,,,,,,858,858,,,0,0,,,,,,,828,828,,,1707,1707,,,,,,,,,,,586,586,,,586,586,,,2293,2293,,,,,,,5.008642077445984,5.008642077445984,21,0,858,0,0,828,,0,0,586,,0,0,0,0,0,0,,0,0,0,,0,0,0,0,0,0,,0,0,0,,21,0,858,0,0,828,,0,0,586,,,,,3420720.0,,,,,,,,,45675.0,,,45675,,45675.0,45675,
United States,2014-11-01,,,63089,,19.939592838287354,,,,27,27,,,,,,,3677,3677,,,0,0,,,,,,,4229,4229,,,7933,7933,,,,,,,,,,,665,665,,,665,665,,,8598,8598,,,,,,,13.417699813842773,13.417699813842773,27,0,3677,0,0,4229,,0,0,665,,0,0,0,0,0,0,,0,0,0,,0,0,0,0,0,0,,0,0,0,,27,0,3677,0,0,4229,,0,0,665,,,,,3225563.0,,,,,,,,,61364.0,,,61364,,61364.0,61364,
United States,2014-12-01,,,168576,,44.08124771118164,,,,41,41,,,,,,,21872,21872,,,0,0,,,,,,,26150,26150,,,48063,48063,,,,,,,,,,,1683,1683,,,1683,1683,,,49746,49746,,,,,,,28.246017837524413,28.246017837524413,41,0,21872,0,0,26150,,0,0,1683,,0,0,0,0,0,0,,0,0,0,,0,0,0,0,0,0,,0,0,0,,41,0,21872,0,0,26150,,0,0,1683,,,,,3943625.0,,,,,,,,,172329.0,,,172329,,172329.0,172329,
United States,2015-01-01,,,128056,,40.25996971130371,,,,32,32,,,,,,,16877,16877,,,0,0,,,,,,,13838,13838,,,30747,30747,,,,0,,,,0,,,1999,1999,,,1999,1999,,,32746,32746,,,,,,,23.2838077545166,23.2838077545166,32,0,16877,0,0,13838,,0,0,1999,,0,0,0,0,0,0,,0,0,0,,0,0,0,0,0,0,,0,0,0,,32,0,16877,0,0,13838,,0,0,1999,,,,,3180656.0,,,,,,,,,140278.0,,,140278,,140278.0,140278,
United States,2015-02-01,,,95121,,29.434489727020264,,,,45,45,,,,,,,6659,6659,,,0,0,,,,,,,5593,5593,,,12297,12297,,,,0,,,,0,,,3728,3728,,,3728,3728,,,16025,16025,,,,,,,15.289042472839355,15.289042472839355,45,0,6659,0,0,5593,,0,0,3728,,0,0,0,0,0,0,,0,0,0,,0,0,0,0,0,0,,0,0,0,,45,0,6659,0,0,5593,,0,0,3728,,,,,3227877.0,,,,,,,,,103149.0,,,103149,,103149.0,103149,
United States,2015-03-01,,,85596,,21.436603164672853,,,,25,25,,,,,,,1967,1967,,,0,0,,,,,,,1580,1580,,,3572,3572,,,,0,,,,0,,,7424,7424,,,7424,7424,,,10996,10996,,,,,,,12.027438545227051,12.027438545227051,25,0,1967,0,0,1580,,0,0,7424,,0,0,0,0,0,0,,0,0,0,,0,0,0,0,0,0,,0,0,0,,25,0,1967,0,0,1580,,0,0,7424,,,,,3991572.0,,,,,,,,,90783.0,,,90783,,90783.0,90783,
United States,2015-04-01,,,48631,,15.58840036392212,,,,25,25,,,,,,,227,227,,,0,0,,,,,,,263,263,,,515,515,,,,0,,,,0,,,3466,3466,,,3466,3466,,,3981,3981,,,,,,,7.6425535678863525,7.6425535678863525,25,0,227,0,0,263,,0,0,3466,,0,0,0,0,0,0,,0,0,0,,0,0,0,0,0,0,,0,0,0,,25,0,227,0,0,263,,0,0,3466,,,,,3116590.0,,,,,,,,,50771.0,,,50771,,50771.0,50771,
United States,2015-05-01,,,38324,,13.79289436340332,,,,5,5,,,,,,,69,69,,,0,0,,,,,,,85,85,,,159,159,,,,0,,,,0,,,1285,1285,,,1285,1285,,,1444,1444,,,,,,,4.033128917217255,4.033128917217255,5,0,69,0,0,85,,0,0,1285,,0,0,0,0,0,0,,0,0,0,,0,0,0,0,0,0,,0,0,0,,5,0,69,0,0,85,,0,0,1285,,,,,2772253.0,,,,,,,,,35131.0,,,35131,,35131.0,35131,
United States,2015-06-01,,,31879,,10.759832191467286,,,,5,5,,,,,,,200,200,,,0,0,,,,,,,131,131,,,336,336,,,,0,,,,0,,,437,437,,,437,437,,,773,773,,,,,,,2.506139802932739,2.506139802932739,5,0,200,0,0,131,,0,0,437,,0,0,0,0,0,0,,0,0,0,,0,0,0,0,0,0,,0,0,0,,5,0,200,0,0,131,,0,0,437,,,,,2956899.0,,,,,,,,,30634.0,,,30634,,30634.0,30634,
United States,2015-07-01,,,19908,,8.55917477607727,,,,11,11,,,,,,,153,153,,,0,0,,,,,,,72,72,,,236,236,,,,0,,,,0,,,106,106,,,106,106,,,342,342,,,,,,,1.7170470356941223,1.7170470356941223,11,0,153,0,0,72,,0,0,106,,0,0,0,0,0,0,,0,0,0,,0,0,0,0,0,0,,0,0,0,,11,0,153,0,0,72,,0,0,106,,,,,2325105.0,,,,,,,,,19874.0,,,19874,,19874.0,19874,
United States,2015-08-01,,,26748,,9.088852500915527,,,,15,15,,,,,,,241,241,,,0,0,,,,,,,149,149,,,405,405,,,,0,,,,0,,,93,93,,,93,93,,,498,498,,,,,,,1.8976418256759644,1.8976418256759644,15,0,241,0,0,149,,0,0,93,,0,0,0,0,0,0,,0,0,0,,0,0,0,0,0,0,,0,0,0,,15,0,241,0,0,149,,0,0,93,,,,,2940446.0,,,,,,,,,26057.0,,,26057,,26057.0,26057,
United States,2015-09-01,,,28016,,12.110095024108887,,,,10,10,,,,,,,190,190,,,0,0,,,,,,,192,192,,,392,392,,,,0,,,,0,,,126,126,,,126,126,,,518,518,,,,,,,1.9230360090732574,1.9230360090732574,10,0,190,0,0,192,,0,0,126,,0,0,0,0,0,0,,0,0,0,,0,0,0,0,0,0,,0,0,0,,10,0,190,0,0,192,,0,0,126,,,,,2313647.0,,,,,,,,,26954.0,,,26954,,26954.0,26954,
United States,2015-10-01,,,43643,,13.333494663238525,,28,,,28,,,,,187,,,187,,,,0,,,,,9,395,,404,224,395,,619,7,,,7,7,,,7,34,201,,235,48,201,,249,272,596,,868,4461,51522,,55983,5.768340110778809,1.1422564387321472,,1.529065728187561,28,0,187,0,0,404,,7,7,235,,28,0,187,0,0,9,,7,7,34,,0,0,0,0,0,395,,0,0,201,,0,0,0,0,0,0,,0,0,0,,,,,3272370.0,,,,,,,,52118.0,,4733.0,52118.0,,4733.0,56851.0,56851,
United States,2015-11-01,,,65413,,16.511406326293944,,76,,,76,,,,,159,,,159,,,,0,,,,,9,567,,576,244,567,,811,31,,,31,11,,,11,36,425,,461,78,425,,503,322,992,,1314,6701,75428,,82129,4.583881473541259,1.2958328008651734,,1.5707797527313232,76,0,159,0,0,576,,11,31,461,,76,0,159,0,0,9,,11,31,36,,0,0,0,0,0,567,,0,0,425,,0,0,0,0,0,0,,0,0,0,,,,,3992067.0,,,,,,,,76420.0,,7023.0,76420.0,,7023.0,83443.0,83443,
United States,2015-12-01,,,60863,,21.565787315368652,,342,,,342,,,,,165,,,165,,,,0,,,,,5,868,,873,512,868,,1380,93,,,93,18,,,18,46,664,,710,157,664,,821,669,1532,,2201,5054,68242,,73296,11.780110001564026,2.183457851409912,,2.895099461078644,342,0,165,0,0,873,,18,93,710,,342,0,165,0,0,5,,18,93,46,,0,0,0,0,0,868,,0,0,664,,0,0,0,0,0,0,,0,0,0,,,,,2865276.0,,,,,,,,69774.0,,5723.0,69774.0,,5723.0,75497.0,75497,
United States,2016-01-01,,,64844,,20.69951820373535,,1375,,,1375,,,,,417,,,417,,,,0,,,,,35,2718,,2753,1827,2718,,4545,299,,,299,88,,,88,203,1135,,1338,590,1135,,1725,2417,3853,,6270,5686,74211,,79897,29.13395118713379,4.907393157482147,,7.21155047416687,1375,0,417,0,0,2753,,88,299,1338,,1375,0,417,0,0,35,,88,299,203,,0,0,0,0,0,2718,,0,0,1135,,0,0,0,0,0,0,,0,0,0,,,,,3130705.0,,,,,,,,78064.0,,8103.0,78064.0,,8103.0,86167.0,86167,
United States,2016-02-01,,,119902,,28.799558258056642,,6461,,,6461,,,,,1208,,,1208,,,,0,,,,,109,16905,,17014,7778,16905,,24683,1388,,,1388,535,,,535,864,5448,,6312,2787,5448,,8235,10565,22353,,32918,8500,116896,,125396,54.015332794189455,15.451089859008789,,20.084291839599608,6461,0,1208,0,0,17014,,535,1388,6312,,6461,0,1208,0,0,109,,535,1388,864,,0,0,0,0,0,16905,,0,0,5448,,0,0,0,0,0,0,,0,0,0,,,,,4155937.0,,,,,,,,139249.0,,19065.0,139249.0,,19065.0,158314.0,158314,
United States,2016-03-01,,,96551,,29.984426021575928,,5552,,,5552,,,,,904,,,904,,,,0,,,,,123,18610,,18733,6579,18610,,25189,1029,,,1029,560,,,560,824,6974,,7798,2413,6974,,9387,8992,25584,,34576,6642,103194,,109836,56.49912166595459,19.57867193222046,,23.56095552444458,5552,0,904,0,0,18733,,560,1029,7798,,5552,0,904,0,0,123,,560,1029,824,,0,0,0,0,0,18610,,0,0,6974,,0,0,0,0,0,0,,0,0,0,,,,,3205753.0,,,,,,,,128778.0,,15634.0,128778.0,,15634.0,144412.0,144412,
United States,2016-04-01,,,62233,,19.87887954711914,,1360,,,1360,,,,,477,,,477,,,,0,,,,,70,5301,,5371,1907,5301,,7208,607,,,607,358,,,358,573,5226,,5799,1538,5226,,6764,3445,10527,,13972,4355,72965,,77320,43.61238765716553,12.465144634246826,,15.118504762649536,1360,0,477,0,0,5371,,358,607,5799,,1360,0,477,0,0,70,,358,607,573,,0,0,0,0,0,5301,,0,0,5226,,0,0,0,0,0,0,,0,0,0,,,,,3129235.0,,,,,,,,83492.0,,7800.0,83492.0,,7800.0,91292.0,91292,
United States,2016-05-01,,,48682,,14.442819213867187,,185,,,185,,,,,255,,,255,,,,0,,,,,11,1152,,1163,451,1152,,1603,270,,,270,139,,,139,231,2623,,2854,640,2623,,3263,1091,3775,,4866,2990,59898,,62888,25.548027801513673,5.679257822036743,,6.871126365661621,185,0,255,0,0,1163,,139,270,2854,,185,0,255,0,0,11,,139,270,231,,0,0,0,0,0,1152,,0,0,2623,,0,0,0,0,0,0,,0,0,0,,,,,3354296.0,,,,,,,,63673.0,,4081.0,63673.0,,4081.0,67754.0,67754,
United States,2016-06-01,,,25167,,10.562466144561768,,20,,,20,,,,,73,,,73,,,,0,,,,,4,199,,203,97,199,,296,47,,,47,27,,,27,34,435,,469,108,435,,543,205,634,,839,1328,30617,,31945,13.657043695449829,1.9460555613040924,,2.485606849193573,20,0,73,0,0,203,,27,47,469,,20,0,73,0,0,4,,27,47,34,,0,0,0,0,0,199,,0,0,435,,0,0,0,0,0,0,,0,0,0,,,,,2378075.0,,,,,,,,31251.0,,1533.0,31251.0,,1533.0,32784.0,32784,
United States,2016-07-01,,,19767,,8.626731872558594,,7,,,7,,,,,95,,,95,,,,0,,,,,2,92,,94,104,92,,196,40,,,40,9,,,9,14,112,,126,63,112,,175,167,204,,371,989,23746,,24735,14.439883708953857,0.8508607149124146,,1.4795593619346619,7,0,95,0,0,94,,9,40,126,,7,0,95,0,0,2,,9,40,14,,0,0,0,0,0,92,,0,0,112,,0,0,0,0,0,0,,0,0,0,,,,,2294492.0,,,,,,,,23950.0,,1157.0,23950.0,,1157.0,25107.0,25107,
United States,2016-08-01,,,26518,,9.092599678039551,,20,,,20,,,,,163,,,163,,,,0,,,,,2,223,,225,185,223,,408,31,,,31,11,,,11,11,137,,148,53,137,,190,238,360,,598,1595,30419,,32014,13.045466804504395,1.1441421627998352,,1.814701771736145,20,0,163,0,0,225,,11,31,148,,20,0,163,0,0,2,,11,31,11,,0,0,0,0,0,223,,0,0,137,,0,0,0,0,0,0,,0,0,0,,,,,2911977.0,,,,,,,,30779.0,,1850.0,30779.0,,1850.0,32629.0,32629,
United States,2016-09-01,,,28157,,12.258090496063232,,22,,,22,,,,,250,,,250,,,,0,,,,,3,334,,337,275,334,,609,14,,,14,19,,,19,29,264,,293,62,264,,326,337,598,,935,1934,35875,,37809,14.859132528305054,1.6247611343860626,,2.3939356207847595,22,0,250,0,0,337,,19,14,293,,22,0,250,0,0,3,,19,14,29,,0,0,0,0,0,334,,0,0,264,,0,0,0,0,0,0,,0,0,0,,,,,2302797.0,,,,,,,,36473.0,,2271.0,36473.0,,2271.0,38744.0,38744,
United States,2016-10-01,,,60182,,13.729501533508301,,57,,,57,,,,,554,,,554,,,,0,,,,,6,687,,693,617,687,,1304,30,,,30,33,,,33,14,476,,490,77,476,,553,694,1163,,1857,4778,73344,,78122,12.611502838134765,1.5511996030807496,,2.307238245010376,57,0,554,0,0,693,,33,30,490,,57,0,554,0,0,6,,33,30,14,,0,0,0,0,0,687,,0,0,476,,0,0,0,0,0,0,,0,0,0,,,,,4381375.0,,,,,,,,74507.0,,5472.0,74507.0,,5472.0,79979.0,79979,
United States,2016-11-01,,,60205,,18.2347149848938,,32,,,32,,,,,826,,,826,,,,0,,,,,28,1601,,1629,886,1601,,2487,10,,,10,34,,,34,46,617,,663,90,617,,707,976,2218,,3194,4461,74715,,79176,17.61046862602234,2.860948085784912,,3.836425006389618,32,0,826,0,0,1629,,34,10,663,,32,0,826,0,0,28,,34,10,46,,0,0,0,0,0,1601,,0,0,617,,0,0,0,0,0,0,,0,0,0,,,,,3320713.0,,,,,,,,76933.0,,5437.0,76933.0,,5437.0,82370.0,82370,
United States,2016-12-01,,,81899,,26.845242500305176,,93,,,93,,,,,3921,,,3921,,,,0,,,,,54,8888,,8942,4068,8888,,12956,90,,,90,144,,,144,48,1119,,1167,282,1119,,1401,4350,10007,,14357,5566,94240,,99806,41.743342876434326,8.931135654449463,,11.782656192779541,93,0,3921,0,0,8942,,144,90,1167,,93,0,3921,0,0,54,,144,90,48,,0,0,0,0,0,8888,,0,0,1119,,0,0,0,0,0,0,,0,0,0,,,,,3101274.0,,,,,,,,104247.0,,9916.0,104247.0,,9916.0,114163.0,114163,
United States,2017-01-01,,,145362,,34.126437759399415,,257,,,257,,,,,11557,,,11557,,,,0,,,,,126,29318,,29444,11940,29318,,41258,545,,,545,332,,,332,150,3411,,3561,1027,3411,,4438,12967,32729,,45696,9245,153716,,162961,58.32511444091797,17.390912437438963,,21.738323593139647,257,0,11557,0,0,29444,,332,545,3561,,257,0,11557,0,0,126,,332,545,150,,0,0,0,0,0,29318,,0,0,3411,,0,0,0,0,0,0,,0,0,0,,,,,4239547.0,,,,,,,,186445.0,,22212.0,186445.0,,22212.0,208657.0,208657,
United States,2017-02-01,,,153871,,43.48296356201172,,280,,,280,,,,,9448,,,9448,,,,0,,,,,65,33616,,33681,9793,33616,,43409,1255,,,1255,586,,,586,342,9783,,10125,2183,9783,,11966,11976,43399,,55375,7940,141764,,149704,59.744272232055664,23.290321350097656,,26.826525688171387,280,0,9448,0,0,33681,,586,1255,10125,,280,0,9448,0,0,65,,586,1255,342,,0,0,0,0,0,33616,,0,0,9783,,0,0,0,0,0,0,,0,0,0,,,,,3535212.0,,,,,,,,185163.0,,19916.0,185163.0,,19916.0,205079.0,205079,
United States,2017-03-01,,,105195,,31.189711570739746,,136,,,136,,,,,3663,,,3663,,,,0,,,,,33,13993,,14026,3832,13993,,17825,1928,,,1928,615,,,615,573,13329,,13902,3116,13329,,16445,6948,27322,,34270,6176,115432,,121608,52.916439056396484,19.124526977539062,,21.97208595275879,136,0,3663,0,0,14026,,615,1928,13902,,136,0,3663,0,0,33,,615,1928,573,,0,0,0,0,0,13993,,0,0,13329,,0,0,0,0,0,0,,0,0,0,,,,,3372860.0,,,,,,,,142754.0,,13124.0,142754.0,,13124.0,155878.0,155878,
United States,2017-04-01,,,60169,,18.56116485595703,,40,,,40,,,,,872,,,872,,,,0,,,,,9,3238,,3247,921,3238,,4159,1264,,,1264,288,,,288,344,7790,,8134,1896,7790,,9686,2817,11028,,13845,4063,83572,,87635,39.727468490600586,11.157143354415894,,13.086794376373291,40,0,872,0,0,3247,,288,1264,8134,,40,0,872,0,0,9,,288,1264,344,,0,0,0,0,0,3238,,0,0,7790,,0,0,0,0,0,0,,0,0,0,,,,,3234038.0,,,,,,,,94600.0,,6880.0,94600.0,,6880.0,101480.0,101480,
United States,2017-05-01,,,47062,,13.160162734985352,,20,,,20,,,,,323,,,323,,,,0,,,,,5,1051,,1056,348,1051,,1399,502,,,502,179,,,179,150,2463,,2613,831,2463,,3294,1179,3514,,4693,2732,66768,,69500,30.133591079711913,4.926098251342774,,6.23478593826294,20,0,323,0,0,1056,,179,502,2613,,20,0,323,0,0,5,,179,502,150,,0,0,0,0,0,1051,,0,0,2463,,0,0,0,0,0,0,,0,0,0,,,,,3566355.0,,,,,,,,70282.0,,3911.0,70282.0,,3911.0,74193.0,74193,
United States,2017-06-01,,,26045,,10.412739276885986,,23,,,23,,,,,155,,,155,,,,0,,,,,2,468,,470,180,468,,648,160,,,160,48,,,48,43,600,,643,251,600,,851,431,1068,,1499,1173,35115,,36288,26.570842266082764,2.907869040966034,,3.910631775856018,23,0,155,0,0,470,,48,160,643,,23,0,155,0,0,2,,48,160,43,,0,0,0,0,0,468,,0,0,600,,0,0,0,0,0,0,,0,0,0,,,,,2495268.0,,,,,,,,36183.0,,1604.0,36183.0,,1604.0,37787.0,37787,
United States,2017-07-01,,,24820,,8.537762641906738,,37,,,37,,,,,158,,,158,,,,0,,,,,4,422,,426,199,422,,621,52,,,52,13,,,13,30,277,,307,95,277,,372,294,699,,993,1438,34424,,35862,17.05033931732178,1.9869607448577882,,2.6937003135681152,37,0,158,0,0,426,,13,52,307,,37,0,158,0,0,4,,13,52,30,,0,0,0,0,0,422,,0,0,277,,0,0,0,0,0,0,,0,0,0,,,,,2911242.0,,,,,,,,35123.0,,1748.0,35123.0,,1748.0,36871.0,36871,
United States,2017-08-01,,,23772,,9.879328489303589,,35,,,35,,,,,192,,,192,,,,0,,,,,7,338,,345,234,338,,572,38,,,38,1,,,1,25,194,,219,64,194,,258,298,532,,830,1323,31521,,32844,18.27823281288147,1.6531152427196503,,2.4584434628486633,35,0,192,0,0,345,,1,38,219,,35,0,192,0,0,7,,1,38,25,,0,0,0,0,0,338,,0,0,194,,0,0,0,0,0,0,,0,0,0,,,,,2397664.0,,,,,,,,32053.0,,1622.0,32053.0,,1622.0,33675.0,33675,
United States,2017-09-01,,,31114,,12.01268219947815,,32,,,32,,,,,434,,,434,,,,0,,,,,6,568,,574,472,568,,1040,58,,,58,3,,,3,30,292,,322,91,292,,383,563,860,,1423,2375,47444,,49819,20.378398895263672,1.7892098724842072,,2.7993770241737366,32,0,434,0,0,574,,3,58,322,,32,0,434,0,0,6,,3,58,30,,0,0,0,0,0,568,,0,0,292,,0,0,0,0,0,0,,0,0,0,,,,,2591778.0,,,,,,,,48304.0,,2979.0,48304.0,,2979.0,51283.0,51283,
United States,2017-10-01,,,73326,,14.589485549926758,,91,,,91,,,,,868,,,868,,,,0,,,,,50,1599,,1649,1009,1599,,2608,97,,,97,9,,,9,43,674,,717,149,674,,823,1158,2273,,3431,5259,86049,,91308,17.741753005981444,2.531641960144043,,3.5612658977508547,91,0,868,0,0,1649,,9,97,717,,91,0,868,0,0,50,,9,97,43,,0,0,0,0,0,1599,,0,0,674,,0,0,0,0,0,0,,0,0,0,,,,,5025701.0,,,,,,,,88322.0,,6418.0,88322.0,,6418.0,94740.0,94740,
United States,2017-11-01,,,84517,,21.312814235687256,,187,,,187,,,,,1997,,,1997,,,,0,,,,,16,4516,,4532,2200,4516,,6716,262,,,262,22,,,22,71,1351,,1422,355,1351,,1706,2555,5867,,8422,4854,90856,,95710,33.71429491043091,5.98435378074646,,7.960800051689148,187,0,1997,0,0,4532,,22,262,1422,,187,0,1997,0,0,16,,22,262,71,,0,0,0,0,0,4516,,0,0,1351,,0,0,0,0,0,0,,0,0,0,,,,,3981033.0,,,,,,,,96723.0,,7410.0,96723.0,,7410.0,104133.0,104133,
United States,2017-12-01,,,144494,,38.993051052093506,,728,,,728,,,,,8045,,,8045,,,,0,,,,,63,28278,,28341,8836,28278,,37114,907,,,907,126,,,126,248,5461,,5709,1281,5461,,6742,10117,33739,,43856,6465,135749,,142214,58.66909408569336,18.565877676010132,,22.13193416595459,728,0,8045,0,0,28341,,126,907,5709,,728,0,8045,0,0,63,,126,907,248,,0,0,0,0,0,28278,,0,0,5461,,0,0,0,0,0,0,,0,0,0,,,,,3776743.0,,,,,,,,169488.0,,16582.0,169488.0,,16582.0,186070.0,186070,
United States,2018-01-01,,,330377,,64.05261459350587,,2201,,,2201,,,,,14601,,,14601,,,,0,,,,,238,74776,,75014,17040,74776,,91816,3055,,,3055,283,,,283,1054,21951,,23005,4392,21951,,26343,21432,96727,,118159,12169,263998,,276167,63.83423690795898,26.755116271972657,,29.95453872680664,2201,0,14601,0,0,75014,,283,3055,23005,,2201,0,14601,0,0,238,,283,3055,1054,,0,0,0,0,0,74776,,0,0,21951,,0,0,0,0,0,0,,0,0,0,,,,,5110053.0,,,,,,,,360725.0,,33601.0,360725.0,,33601.0,394326.0,394326,
United States,2018-02-01,,,253124,,58.2452392578125,,1591,,,1591,,,,,5212,,,5212,,,,0,,,,,87,37069,,37156,6890,37069,,43959,3452,,,3452,432,,,432,1029,27027,,28056,4913,27027,,31940,11803,64096,,75899,8323,200791,,209114,57.86343955993652,23.554415225982666,,25.96928834915161,1591,0,5212,0,0,37156,,432,3452,28056,,1591,0,5212,0,0,87,,432,3452,1029,,0,0,0,0,0,37069,,0,0,27027,,0,0,0,0,0,0,,0,0,0,,,,,4290504.0,,,,,,,,264887.0,,20126.0,264887.0,,20126.0,285013.0,285013,
United States,2018-03-01,,,99569,,26.440926551818848,,584,,,584,,,,,1142,,,1142,,,,0,,,,,68,8977,,9045,1794,8977,,10771,2110,,,2110,272,,,272,582,12948,,13530,2964,12948,,15912,4758,21925,,26683,5041,119957,,124998,48.539649963378906,15.429158687591553,,17.55497932434082,584,0,1142,0,0,9045,,272,2110,13530,,584,0,1142,0,0,68,,272,2110,582,,0,0,0,0,0,8977,,0,0,12948,,0,0,0,0,0,0,,0,0,0,,,,,3755842.0,,,,,,,,141882.0,,9799.0,141882.0,,9799.0,151681.0,151681,
United States,2018-04-01,,,78450,,16.819714164733888,,368,,,368,,,,,435,,,435,,,,0,,,,,12,3446,,3458,815,3446,,4261,1188,,,1188,179,,,179,247,7476,,7723,1614,7476,,9090,2429,10922,,13351,3991,99375,,103366,36.436537170410155,9.518692588806152,,10.985917472839356,368,0,435,0,0,3458,,179,1188,7723,,368,0,435,0,0,12,,179,1188,247,,0,0,0,0,0,3446,,0,0,7476,,0,0,0,0,0,0,,0,0,0,,,,,4662704.0,,,,,,,,110297.0,,6420.0,110297.0,,6420.0,116717.0,116717,
United States,2018-05-01,,,42939,,12.382888317108154,,58,,,58,,,,,41,,,41,,,,0,,,,,0,562,,562,99,562,,661,126,,,126,18,,,18,28,955,,983,172,955,,1127,271,1517,,1788,1401,49062,,50463,15.353824138641357,2.869635730981827,,3.270054578781128,58,0,41,0,0,562,,18,126,983,,58,0,41,0,0,0,,18,126,28,,0,0,0,0,0,562,,0,0,955,,0,0,0,0,0,0,,0,0,0,,,,,3465814.0,,,,,,,,50579.0,,1672.0,50579.0,,1672.0,52251.0,52251,
United States,2018-06-01,,,30586,,9.601283550262451,,16,,,16,,,,,15,,,15,,,,0,,,,,0,230,,230,31,230,,261,24,,,24,9,,,9,5,212,,217,38,212,,250,69,442,,511,909,34415,,35324,6.803928256034851,1.2532037496566772,,1.4067699313163757,16,0,15,0,0,230,,9,24,217,,16,0,15,0,0,0,,9,24,5,,0,0,0,0,0,230,,0,0,212,,0,0,0,0,0,0,,0,0,0,,,,,3183157.0,,,,,,,,34857.0,,979.0,34857.0,,979.0,35836.0,35836,
United States,2018-07-01,,,29654,,7.3482057571411135,,48,,,48,,,,,32,,,32,,,,0,,,,,7,243,,250,87,243,,330,14,,,14,6,,,6,5,89,,94,25,89,,114,112,332,,444,797,33393,,34190,12.904828357696534,0.9842525839805603,,1.281734251976013,48,0,32,0,0,250,,6,14,94,,48,0,32,0,0,7,,6,14,5,,0,0,0,0,0,243,,0,0,89,,0,0,0,0,0,0,,0,0,0,,,,,4040142.0,,,,,,,,33725.0,,909.0,33725.0,,909.0,34634.0,34634,
United States,2018-08-01,,,27832,,8.61473560333252,,38,,,38,,,,,43,,,43,,,,0,,,,,17,254,,271,98,254,,352,7,,,7,0,,,0,3,100,,103,10,100,,110,108,354,,462,754,29996,,30750,12.618269324302673,1.140385016798973,,1.4568997919559479,38,0,43,0,0,271,,0,7,103,,38,0,43,0,0,17,,0,7,3,,0,0,0,0,0,254,,0,0,100,,0,0,0,0,0,0,,0,0,0,,,,,3228153.0,,,,,,,,30350.0,,862.0,30350.0,,862.0,31212.0,31212,
United States,2018-09-01,,,42551,,12.154260158538818,,88,,,88,,,,,61,,,61,,,,0,,,,,2,601,,603,151,601,,752,11,,,11,2,,,2,3,218,,221,16,218,,234,167,819,,986,1726,48942,,50668,9.064550399780273,1.6577787101268768,,1.9268426895141602,88,0,61,0,0,603,,2,11,221,,88,0,61,0,0,2,,2,11,3,,0,0,0,0,0,601,,0,0,218,,0,0,0,0,0,0,,0,0,0,,,,,3498128.0,,,,,,,,49761.0,,1893.0,49761.0,,1893.0,51654.0,51654,
United States,2018-10-01,,,101378,,16.091288375854493,,293,,,293,,,,,102,,,102,,,,0,,,,,35,1482,,1517,430,1482,,1912,51,,,51,13,,,13,10,443,,453,74,443,,517,504,1925,,2429,4695,96684,,101379,9.592726707458496,1.93295476436615,,2.315391254425049,293,0,102,0,0,1517,,13,51,453,,293,0,102,0,0,35,,13,51,10,,0,0,0,0,0,1482,,0,0,443,,0,0,0,0,0,0,,0,0,0,,,,,6301853.0,,,,,,,,98609.0,,5199.0,98609.0,,5199.0,103808.0,103808,
United States,2018-11-01,,,102235,,21.64387321472168,,806,,,806,,,,,186,,,186,,,,0,,,,,49,3112,,3161,1041,3112,,4153,25,,,25,10,,,10,7,384,,391,42,384,,426,1083,3496,,4579,4522,97503,,102025,19.29371190071106,3.4355143308639526,,4.254710674285889,806,0,186,0,0,3161,,10,25,391,,806,0,186,0,0,49,,10,25,7,,0,0,0,0,0,3112,,0,0,384,,0,0,0,0,0,0,,0,0,0,,,,,4743326.0,,,,,,,,100999.0,,5605.0,100999.0,,5605.0,106604.0,106604,
United States,2018-12-01,,,185897,,32.16654167175293,,4575,,,4575,,,,,1083,,,1083,,,,0,,,,,388,22277,,22665,6046,22277,,28323,47,,,47,55,,,55,33,930,,963,135,930,,1065,6181,23207,,29388,5898,165016,,170914,49.11540069580078,11.881248378753662,,14.128989982604981,4575,0,1083,0,0,22665,,55,47,963,,4575,0,1083,0,0,388,,55,47,33,,0,0,0,0,0,22277,,0,0,930,,0,0,0,0,0,0,,0,0,0,,,,,5840098.0,,,,,,,,188223.0,,12079.0,188223.0,,12079.0,200302.0,200302,
United States,2019-01-01,,,181519,,37.25514793395996,,6128,,,6128,,,,,1916,,,1916,,,,0,,,,,410,30706,,31116,8454,30706,,39160,63,,,63,62,,,62,51,936,,987,176,936,,1112,8630,31642,,40272,5719,144499,,150218,59.93351173400879,17.752946376800537,,20.92138385772705,6128,0,1916,0,0,31116,,62,63,987,,6128,0,1916,0,0,410,,62,63,51,,0,0,0,0,0,30706,,0,0,936,,0,0,0,0,0,0,,0,0,0,,,,,4876382.0,,,,,,,,176141.0,,14349.0,176141.0,,14349.0,190490.0,190490,
United States,2019-02-01,,,265051,,51.20486927032471,,6438,,,6438,,,,,5793,,,5793,,,,0,,,,,298,53531,,53829,12529,53531,,66060,51,,,51,109,,,109,135,1849,,1984,295,1849,,2144,12824,55380,,68204,6611,158623,,165234,65.98144912719727,25.87942886352539,,29.218738555908203,6438,0,5793,0,0,53829,,109,51,1984,,6438,0,5793,0,0,298,,109,51,135,,0,0,0,0,0,53531,,0,0,1849,,0,0,0,0,0,0,,0,0,0,,,,,5175276.0,,,,,,,,214003.0,,19438.0,214003.0,,19438.0,233441.0,233441,
United States,2019-03-01,,,192224,,37.68970823287964,,3561,,,3561,,,,,6169,,,6169,,,,0,,,,,176,44538,,44714,9906,44538,,54444,102,,,102,214,,,214,289,2200,,2489,605,2200,,2805,10511,46738,,57249,5710,151107,,156817,64.16587162017822,23.386895656585693,,26.459935188293457,3561,0,6169,0,0,44714,,214,102,2489,,3561,0,6169,0,0,176,,214,102,289,,0,0,0,0,0,44538,,0,0,2200,,0,0,0,0,0,0,,0,0,0,,,,,5097588.0,,,,,,,,197845.0,,16221.0,197845.0,,16221.0,214066.0,214066,
United States,2019-04-01,,,123416,,20.411240577697754,,835,,,835,,,,,2279,,,2279,,,,0,,,,,47,11637,,11684,3161,11637,,14798,82,,,82,257,,,257,280,2398,,2678,619,2398,,3017,3780,14035,,17815,4802,126888,,131690,40.83473167419434,9.212341022491454,,11.020429706573486,835,0,2279,0,0,11684,,257,82,2678,,835,0,2279,0,0,47,,257,82,280,,0,0,0,0,0,11637,,0,0,2398,,0,0,0,0,0,0,,0,0,0,,,,,6032664.0,,,,,,,,140923.0,,8582.0,140923.0,,8582.0,149505.0,149505,
United States,2019-05-01,,,64094,,14.415407419204712,,140,,,140,,,,,298,,,298,,,,0,,,,,25,1225,,1250,463,1225,,1688,30,,,30,133,,,133,56,1030,,1086,219,1030,,1249,682,2255,,2937,2076,62381,,64457,24.619670867919922,3.467614769935608,,4.32802814245224,140,0,298,0,0,1250,,133,30,1086,,140,0,298,0,0,25,,133,30,56,,0,0,0,0,0,1225,,0,0,1030,,0,0,0,0,0,0,,0,0,0,,,,,4445023.0,,,,,,,,64636.0,,2758.0,64636.0,,2758.0,67394.0,67394,
United States,2019-06-01,,,46261,,10.825556993484497,,87,,,87,,,,,211,,,211,,,,0,,,,,14,475,,489,312,475,,787,6,,,6,76,,,76,38,527,,565,120,527,,647,432,1002,,1434,1282,42559,,43841,25.06024980545044,2.267766296863556,,3.1317517161369324,87,0,211,0,0,489,,76,6,565,,87,0,211,0,0,14,,76,6,38,,0,0,0,0,0,475,,0,0,527,,0,0,0,0,0,0,,0,0,0,,,,,4266745.0,,,,,,,,43561.0,,1714.0,43561.0,,1714.0,45275.0,45275,
United States,2019-07-01,,,40900,,7.8843080520629885,,84,,,84,,,,,197,,,197,,,,0,,,,,12,544,,556,293,544,,837,4,,,4,53,,,53,10,417,,427,67,417,,484,360,961,,1321,1352,41133,,42485,21.19706039428711,2.288031482696533,,3.019829511642456,84,0,197,0,0,556,,53,4,427,,84,0,197,0,0,12,,53,4,10,,0,0,0,0,0,544,,0,0,417,,0,0,0,0,0,0,,0,0,0,,,,,5193416.0,,,,,,,,42094.0,,1712.0,42094.0,,1712.0,43806.0,43806,
United States,2019-08-01,,,39041,,9.06165862083435,,60,,,60,,,,,139,,,139,,,,0,,,,,8,393,,401,207,393,,600,0,,,0,115,,,115,9,517,,526,124,517,,641,331,910,,1241,1027,34867,,35894,24.212618350982666,2.4837138056755066,,3.2870998978614807,60,0,139,0,0,401,,115,0,526,,60,0,139,0,0,8,,115,0,9,,0,0,0,0,0,393,,0,0,517,,0,0,0,0,0,0,,0,0,0,,,,,4299646.0,,,,,,,,35777.0,,1358.0,35777.0,,1358.0,37135.0,37135,
United States,2019-09-01,,,83298,,13.714352416992188,,98,,,98,,,,,299,,,299,,,,0,,,,,71,739,,810,468,739,,1207,4,,,4,224,,,224,22,1109,,1131,250,1109,,1359,718,1848,,2566,2898,75575,,78473,20.589334106445314,2.4776238441467284,,3.2663204193115236,98,0,299,0,0,810,,224,4,1131,,98,0,299,0,0,71,,224,4,22,,0,0,0,0,0,739,,0,0,1109,,0,0,0,0,0,0,,0,0,0,,,,,6037184.0,,,,,,,,77423.0,,3616.0,77423.0,,3616.0,81039.0,81039,
United States,2019-10-01,,,104169,,18.028620958328247,,174,,,174,,,,,285,,,285,,,,0,,,,,177,740,,917,636,740,,1376,15,,,15,363,,,363,79,1278,,1357,457,1278,,1735,1093,2018,,3111,4353,93273,,97626,19.836557388305664,2.085289090871811,,3.0448235273361206,174,0,285,0,0,917,,363,15,1357,,174,0,285,0,0,177,,363,15,79,,0,0,0,0,0,740,,0,0,1278,,0,0,0,0,0,0,,0,0,0,,,,,5776748.0,,,,,,,,95291.0,,5446.0,95291.0,,5446.0,100737.0,100737,
United States,2019-11-01,,,160523,,28.58919668197632,,898,,,898,,,,,293,,,293,,,,0,,,,,616,2931,,3547,1807,2931,,4738,40,,,40,1487,,,1487,477,8038,,8515,2004,8038,,10042,3811,10969,,14780,5911,121207,,127118,39.10413932800293,8.100752711296082,,10.20924425125122,898,0,293,0,0,3547,,1487,40,8515,,898,0,293,0,0,616,,1487,40,477,,0,0,0,0,0,2931,,0,0,8038,,0,0,0,0,0,0,,0,0,0,,,,,5650349.0,,,,,,,,132176.0,,9722.0,132176.0,,9722.0,141898.0,141898,
United States,2019-12-01,,,361430,,51.1614501953125,,4520,,,4520,,,,,402,,,402,,,,0,,,,,251,18906,,19157,5173,18906,,24079,92,,,92,5175,,,5175,1319,38065,,39384,6586,38065,,44651,11759,56971,,68730,7472,213550,,221022,60.25063247680664,20.152924919128417,,22.828467750549315,4520,0,402,0,0,19157,,5175,92,39384,,4520,0,402,0,0,251,,5175,92,1319,,0,0,0,0,0,18906,,0,0,38065,,0,0,0,0,0,0,,0,0,0,,,,,7124778.0,,,,,,,,270521.0,,19231.0,270521.0,,19231.0,289752.0,289752,
United States,2020-01-01,,,353854,,58.30277442932129,,7064,,,7064,,,,,330,,,330,,,,0,,,,,177,35401,,35578,7571,35401,,42972,48,,,48,4595,,,4595,1040,34383,,35423,5683,34383,,40066,13254,69784,,83038,7323,187975,,195298,64.42411136627197,26.907286167144775,,29.66858196258545,7064,0,330,0,0,35578,,4595,48,35423,,7064,0,330,0,0,177,,4595,48,1040,,0,0,0,0,0,35401,,0,0,34383,,0,0,0,0,0,0,,0,0,0,,,,,6053911.0,,,,,,,,257759.0,,20577.0,257759.0,,20577.0,278336.0,278336,
United States,2020-02-01,,,362161,,60.076523780822754,,7808,,,7808,,,,,295,,,295,,,,0,,,,,362,50759,,51121,8465,50759,,59224,32,,,32,2633,,,2633,877,26085,,26962,3542,26085,,29627,12007,76844,,88851,6974,191920,,198894,62.98740768432617,28.501943588256836,,30.768430709838867,7808,0,295,0,0,51121,,2633,32,26962,,7808,0,295,0,0,362,,2633,32,877,,0,0,0,0,0,50759,,0,0,26085,,0,0,0,0,0,0,,0,0,0,,,,,6004925.0,,,,,,,,268764.0,,18981.0,268764.0,,18981.0,287745.0,287745,
United States,2020-03-01,,,336363,,59.97279434204101,,3318,,,3318,,,,,185,,,185,,,,0,,,,,150,25213,,25363,3653,25213,,28866,14,,,14,651,,,651,301,7822,,8123,966,7822,,8788,4619,33035,,37654,9592,254212,,263804,26.030318117141725,9.831666445732116,,10.644672274589539,3318,0,185,0,0,25363,,651,14,8123,,3318,0,185,0,0,150,,651,14,301,,0,0,0,0,0,25213,,0,0,7822,,0,0,0,0,0,0,,0,0,0,,,,,5587314.0,,,,,,,,287247.0,,14211.0,287247.0,,14211.0,301458.0,301458,
United States,2020-04-01,,,71233,,24.222471714019775,,96,,,96,,,,,0,,,0,,,,0,,,,,4,172,,176,100,172,,272,0,,,0,3,,,3,13,94,,107,16,94,,110,116,266,,382,3349,56839,,60188,3.3623098731040955,0.4306742250919342,,0.6042519137263298,96,0,0,0,0,176,,3,0,107,,96,0,0,0,0,4,,3,0,13,,0,0,0,0,0,172,,0,0,94,,0,0,0,0,0,0,,0,0,0,,,,,2970382.0,,,,,,,,57105.0,,3465.0,57105.0,,3465.0,60570.0,60570,
United States,2020-05-01,,,42559,,11.395738363265991,,52,,,52,,,,,1,,,1,,,,0,,,,,2,43,,45,55,43,,98,0,,,0,0,,,0,6,36,,42,6,36,,42,61,79,,140,2362,30233,,32595,2.3241317346692085,0.2525000087916851,,0.40716734156012535,52,0,1,0,0,45,,0,0,42,,52,0,1,0,0,2,,0,0,6,,0,0,0,0,0,43,,0,0,36,,0,0,0,0,0,0,,0,0,0,,,,,3802475.0,,,,,,,,30312.0,,2423.0,30312.0,,2423.0,32735.0,32735,
United States,2020-06-01,,,64015,,10.375066375732422,,1,,,1,,,,,0,,,0,,,,0,,,,,5,46,,51,6,46,,52,0,,,0,1,,,1,5,40,,45,6,40,,46,12,86,,98,1498,28907,,30405,1.058391973376274,0.29868629276752473,,0.322324725985527,1,0,0,0,0,51,,1,0,45,,1,0,0,0,0,5,,1,0,5,,0,0,0,0,0,46,,0,0,40,,0,0,0,0,0,0,,0,0,0,,,,,6111407.0,,,,,,,,28993.0,,1510.0,28993.0,,1510.0,30503.0,30503,
United States,2020-07-01,,,71243,,13.224719762802124,,0,,,0,,,,,0,,,0,,,,0,,,,,3,25,,28,3,25,,28,0,,,0,0,,,0,1,26,,27,1,26,,27,4,51,,55,909,24323,,25232,0.8193979859352112,0.20881899446249008,,0.21704168245196342,0,0,0,0,0,28,,0,0,27,,0,0,0,0,0,3,,0,0,1,,0,0,0,0,0,25,,0,0,26,,0,0,0,0,0,0,,0,0,0,,,,,5387186.0,,,,,,,,24374.0,,913.0,24374.0,,913.0,25287.0,25287,
United States,2020-08-01,,,65283,,9.784337425231934,,0,,,0,,,,,0,,,0,,,,0,,,,,1,31,,32,1,31,,32,0,,,0,0,,,0,1,35,,36,1,35,,36,2,66,,68,5355,30719,,36074,0.43625145964324474,0.21362344920635223,,0.18653050065040588,0,0,0,0,0,32,,0,0,36,,0,0,0,0,0,1,,0,0,1,,0,0,0,0,0,31,,0,0,35,,0,0,0,0,0,0,,0,0,0,,,,,6671981.0,,,,,,,,30785.0,,5357.0,30785.0,,5357.0,36142.0,36142,
United States,2020-09-01,,,56578,,10.163841247558594,,0,,,0,,,,,1,,,1,,,,0,,,,,5,53,,58,6,53,,59,0,,,0,0,,,0,2,55,,57,2,55,,57,8,108,,116,13407,33974,,47381,0.33091640938073397,0.31239231675863266,,0.2713632844388485,0,0,1,0,0,58,,0,0,57,,0,0,1,0,0,5,,0,0,2,,0,0,0,0,0,53,,0,0,55,,0,0,0,0,0,0,,0,0,0,,,,,5553661.0,,,,,,,,34082.0,,13415.0,34082.0,,13415.0,47497.0,47497,
United States,2020-10-01,,,73220,,11.539671182632446,,4,,,4,,,,,5,,,5,,,,0,,,,,24,100,,124,33,100,,133,2,,,2,2,,,2,26,94,,120,30,94,,124,63,194,,257,58367,67005,,125372,0.10624907165765762,0.2979222200810909,,0.21179190278053284,4,0,5,0,0,124,,2,2,120,,4,0,5,0,0,24,,2,2,26,,0,0,0,0,0,100,,0,0,94,,0,0,0,0,0,0,,0,0,0,,,,,6344714.0,,,,,,,,67199.0,,58430.0,67199.0,,58430.0,125629.0,125629,
United States,2020-11-01,,,110365,,14.171526908874512,,5,,,5,,,,,8,,,8,,,,0,,,,,22,147,,169,35,147,,182,6,,,6,3,,,3,19,224,,243,28,224,,252,63,371,,434,98606,178271,,276877,0.0677244246006012,0.206496000289917,,0.15534422993659974,5,0,8,0,0,169,,3,6,243,,5,0,8,0,0,22,,3,6,19,,0,0,0,0,0,147,,0,0,224,,0,0,0,0,0,0,,0,0,0,,,,,7800245.0,,,,,,,,178642.0,,98669.0,178642.0,,98669.0,277311.0,277311,
United States,2020-12-01,,,85390,,14.559961318969727,,4,,,4,,,,,4,,,4,,,,0,,,,,22,130,,152,30,130,,160,0,,,0,2,,,2,10,297,,307,12,297,,309,42,427,,469,54645,159049,,213694,0.07573700230568647,0.2681598700582981,,0.21920889243483543,4,0,4,0,0,152,,2,0,307,,4,0,4,0,0,22,,2,0,10,,0,0,0,0,0,130,,0,0,297,,0,0,0,0,0,0,,0,0,0,,,,,5867904.0,,,,,,,,159476.0,,54687.0,159476.0,,54687.0,214163.0,214163,
United States,2021-01-01,,,77174,,12.581417083740234,,1,,,1,,,,,1,,,1,,,,0,,,,,14,85,,99,16,85,,101,,,,,2,,,2,8,255,,263,10,255,,265,26,340,,366,59505,161895,,221400,0.042347772512584925,0.20715295895934105,,0.16291069984436035,1,0,1,0,0,99,,2,0,263,,1,0,1,0,0,14,,2,0,8,,0,0,0,0,0,85,,0,0,255,,0,0,0,0,0,0,,0,0,0,,,,,6123409.0,,,,,,,,162235.0,,59532.0,162235.0,,59532.0,221767.0,221767,
United States,2021-02-01,,,56157,,9.563218593597412,,1,,,1,,,,,1,,,1,,,,0,,,,,10,68,,78,12,68,,80,,,,,1,,,1,8,135,,143,9,135,,144,21,203,,224,62747,137197,,199944,0.0334327993914485,0.146538021042943,,0.11118483729660511,1,0,1,0,0,78,,1,0,143,,1,0,1,0,0,10,,1,0,8,,0,0,0,0,0,68,,0,0,135,,0,0,0,0,0,0,,0,0,0,,,,,5874206.0,,,,,,,,137400.0,,62768.0,137400.0,,62768.0,200168.0,200168,
United States,2021-03-01,,,73046,,9.288991737365723,,1,,,1,,,,,1,,,1,,,,0,,,,,13,81,,94,15,81,,96,,,,,1,,,1,4,83,,87,5,83,,88,20,164,,184,73547,170554,,244101,0.027615397050976754,0.09571709185838699,,0.07520501837134361,1,0,1,0,0,94,,1,0,87,,1,0,1,0,0,13,,1,0,4,,0,0,0,0,0,81,,0,0,83,,0,0,0,0,0,0,,0,0,0,,,,,7857889.0,,,,,,,,170718.0,,73567.0,170718.0,,73567.0,244285.0,244285,
United States,2021-04-01,,,76768,,11.301671981811523,,2,,,2,,,,,1,,,1,,,,0,,,,,4,46,,50,7,46,,53,,,,,0,,,0,3,53,,56,3,53,,56,10,99,,109,54329,123474,,177803,0.01714652474038303,0.08009955286979675,,0.06136574875563383,2,0,1,0,0,50,,0,0,56,,2,0,1,0,0,4,,0,0,3,,0,0,0,0,0,46,,0,0,53,,0,0,0,0,0,0,,0,0,0,,,,,6792656.0,,,,,,,,123573.0,,54339.0,123573.0,,54339.0,177912.0,177912,
United States,2021-05-01,,,101378,,12.340613555908202,,1,,,1,,,,,0,,,0,,,,0,,,,,3,71,,74,4,71,,75,,,,,6,,,6,1,86,,87,7,86,,93,11,157,,168,45346,135930,,181276,0.0430877103159825,0.11603277325630187,,0.09313032180070877,1,0,0,0,0,74,,6,0,87,,1,0,0,0,0,3,,6,0,1,,0,0,0,0,0,71,,0,0,86,,0,0,0,0,0,0,,0,0,0,,,,,8215294.0,,,,,,,,136087.0,,45357.0,136087.0,,45357.0,181444.0,181444,
United States,2021-06-01,,,78854,,11.885658979415894,,1,,,1,,,,,0,,,0,,,,0,,,,,3,40,,43,4,40,,44,,,,,0,,,0,0,60,,60,0,60,,60,4,100,,104,24209,94720,,118929,0.022198288701474667,0.10539196245372295,,0.08760566730052233,1,0,0,0,0,43,,0,0,60,,1,0,0,0,0,3,,0,0,0,,0,0,0,0,0,40,,0,0,60,,0,0,0,0,0,0,,0,0,0,,,,,6635255.0,,,,,,,,94820.0,,24213.0,94820.0,,24213.0,119033.0,119033,
United States,2021-07-01,,,113368,,16.00021719932556,,2,,,2,,,,,7,,,7,,,,0,,,,,5,32,,37,14,32,,46,,,,,1,,,1,2,51,,53,3,51,,54,17,83,,100,32853,109223,,142076,0.05205639358609915,0.07585702743381262,,0.07024211529642344,2,0,7,0,0,37,,1,0,53,,2,0,7,0,0,5,,1,0,2,,0,0,0,0,0,32,,0,0,51,,0,0,0,0,0,0,,0,0,0,,,,,7053719.0,,,,,,,,109306.0,,32870.0,109306.0,,32870.0,142176.0,142176,
United States,2021-08-01,,,203736,,22.126414108276368,,1,,,1,,,,,6,,,6,,,,0,,,,,12,70,,82,19,70,,89,,,,,1,,,1,5,62,,67,6,62,,68,25,132,,157,98592,177426,,276018,0.026196560822427273,0.07562706917524338,,0.058277597278356554,1,0,6,0,0,82,,1,0,67,,1,0,6,0,0,12,,1,0,5,,0,0,0,0,0,70,,0,0,62,,0,0,0,0,0,0,,0,0,0,,,,,9207151.0,,,,,,,,177558.0,,98618.0,177558.0,,98618.0,276176.0,276176,
United States,2021-09-01,,,138485,,19.91575002670288,,4,,,4,,,,,6,,,6,,,,0,,,,,16,56,,72,26,56,,82,,,,,4,,,4,2,62,,64,7,62,,69,33,118,,151,78502,156184,,234686,0.04192609619349241,0.07540971972048283,,0.06463205255568027,4,0,6,0,0,72,,4,0,64,,4,0,6,0,0,16,,4,0,2,,0,0,0,0,0,56,,0,0,62,,0,0,0,0,0,0,,0,0,0,,,,,6939860.0,,,,,,,,156302.0,,78535.0,156302.0,,78535.0,234837.0,234837,
United States,2021-10-01,,,149540,,19.055840015411377,,1,,,1,,,,,281,,,281,,,,0,,,,,17,190,,207,299,190,,489,,,,,16,,,16,19,141,,160,35,141,,176,334,331,,665,88385,196497,,284882,0.39252373576164246,0.16626290045678616,,0.23326678574085236,1,0,281,0,0,207,,16,0,160,,1,0,281,0,0,17,,16,0,19,,0,0,0,0,0,190,,0,0,141,,0,0,0,0,0,0,,0,0,0,,,,,7844567.0,,,,,,,,196828.0,,88720.0,196828.0,,88720.0,285548.0,285548,
United States,2021-11-01,,,227243,,23.369342422485353,,4,,,4,,,,,2210,,,2210,,,,0,,,,,332,4800,,5132,2546,4800,,7346,,,,,14,,,14,17,228,,245,31,228,,259,2577,5028,,7605,110866,345316,,456182,2.32529673576355,1.3132237493991852,,1.5477368831634521,4,0,2210,0,0,5132,,14,0,245,,4,0,2210,0,0,332,,14,0,17,,0,0,0,0,0,4800,,0,0,228,,0,0,0,0,0,0,,0,0,0,,,,,9721392.0,,,,,,,,350344.0,,113444.0,350344.0,,113444.0,463788.0,463788,
United States,2021-12-01,,,310671,,37.40368843078613,,0,,,0,,,,,4087,,,4087,,,,0,,,,,1350,23922,,25272,5437,23922,,29359,,,,,2,,,2,14,299,,313,16,299,,315,5453,24221,,29674,134208,455701,,589909,3.9401275515556335,5.0665658712387085,,4.816587686538696,0,0,4087,0,0,25272,,2,0,313,,0,0,4087,0,0,1350,,2,0,14,,0,0,0,0,0,23922,,0,0,299,,0,0,0,0,0,0,,0,0,0,,,,,8233861.0,,,,,,,,479922.0,,139661.0,479922.0,,139661.0,619583.0,619583,
United States,2022-01-01,,,271695,,27.8261812210083,,0,,,0,,,,,2768,,,2768,,,,0,,,,,1249,11688,,12937,4017,11688,,15705,,,,,3,,,3,19,299,,318,22,299,,321,4039,11987,,16026,247482,531097,,778579,1.616483497619629,2.197192430496216,,2.0147714138031008,0,0,2768,0,0,12937,,3,0,318,,0,0,2768,0,0,1249,,3,0,19,,0,0,0,0,0,11688,,0,0,299,,0,0,0,0,0,0,,0,0,0,,,,,9434600.0,,,,,,,,543084.0,,251521.0,543084.0,,251521.0,794605.0,794605,
United States,2022-02-01,,,97058,,13.751921892166138,,2,,,2,,,,,1743,,,1743,,,,0,,,,,572,10805,,11377,2317,10805,,13122,,,,,2,,,2,7,188,,195,9,188,,197,2326,10993,,13319,83069,238967,,322036,2.782539427280426,4.422305881977081,,4.0259615778923035,2,0,1743,0,0,11377,,2,0,195,,2,0,1743,0,0,572,,2,0,7,,0,0,0,0,0,10805,,0,0,188,,0,0,0,0,0,0,,0,0,0,,,,,7056052.0,,,,,,,,249960.0,,85395.0,249960.0,,85395.0,335355.0,335355,
United States,2022-03-01,,,126659,,17.023391008377075,,3,,,3,,,,,2232,,,2232,,,,0,,,,,452,20204,,20656,2687,20204,,22891,,,,,2,,,2,2,257,,259,4,257,,261,2691,20461,,23152,55386,237112,,292498,4.665485262870789,7.926503419876099,,7.326198220252991,3,0,2232,0,0,20656,,2,0,259,,3,0,2232,0,0,452,,2,0,2,,0,0,0,0,0,20204,,0,0,257,,0,0,0,0,0,0,,0,0,0,,,,,7434509.0,,,,,,,,257573.0,,58077.0,257573.0,,58077.0,315650.0,315650,
United States,2022-04-01,,,166133,,21.293667316436768,,6,,,6,,,,,2703,,,2703,,,,0,,,,,439,26042,,26481,3148,26042,,29190,,,,,1,,,1,9,155,,164,10,155,,165,3158,26197,,29355,53234,262675,,315909,5.599468946456909,9.093759059906006,,8.522520184516907,6,0,2703,0,0,26481,,1,0,164,,6,0,2703,0,0,439,,1,0,9,,0,0,0,0,0,26042,,0,0,155,,0,0,0,0,0,0,,0,0,0,,,,,7796924.0,,,,,,,,288872.0,,56392.0,288872.0,,56392.0,345264.0,345264,
United States,2022-05-01,,,261100,,25.80077133178711,,10,,,10,,,,,2995,,,2995,,,,0,,,,,626,26388,,27014,3631,26388,,30019,,,,,0,,,0,7,226,,233,7,226,,233,3638,26614,,30252,72188,383540,,455728,4.782322788238526,6.483765888214111,,6.216275310516357,10,0,2995,0,0,27014,,0,0,233,,10,0,2995,0,0,626,,0,0,7,,0,0,0,0,0,26388,,0,0,226,,0,0,0,0,0,0,,0,0,0,,,,,10117528.0,,,,,,,,410154.0,,75826.0,410154.0,,75826.0,485980.0,485980,
United States,2022-06-01,,,157890,,20.216757774353027,,1,,,1,,,,,900,,,900,,,,0,,,,,175,5915,,6090,1076,5915,,6991,,,,,0,,,0,7,153,,160,7,153,,160,1083,6068,,7151,66218,269390,,335608,1.6887090504169464,2.1582187116146088,,2.062708258628845,1,0,900,0,0,6090,,0,0,160,,1,0,900,0,0,175,,0,0,7,,0,0,0,0,0,5915,,0,0,153,,0,0,0,0,0,0,,0,0,0,,,,,7804790.0,,,,,,,,275458.0,,67301.0,275458.0,,67301.0,342759.0,342759,
United States,2022-07-01,,,132659,,16.891761779785156,,1,,,1,,,,,273,,,273,,,,0,,,,,47,1647,,1694,321,1647,,1968,,,,,0,,,0,9,149,,158,9,149,,158,330,1796,,2126,81191,243946,,325137,0.41127413511276245,0.7255987077951431,,0.647972859442234,1,0,273,0,0,1694,,0,0,158,,1,0,273,0,0,47,,0,0,9,,0,0,0,0,0,1647,,0,0,149,,0,0,0,0,0,0,,0,0,0,,,,,7854362.0,,,,,,,,245742.0,,81521.0,245742.0,,81521.0,327263.0,327263,
United States,2022-08-01,,,163459,,16.70288257598877,,28,,,28,,,,,339,,,339,,,,0,,,,,45,1322,,1367,412,1322,,1734,,,,,4,,,4,8,166,,174,12,166,,178,424,1488,,1912,89552,276641,,366193,0.47993302941322324,0.532132476568222,,0.5183746874332428,28,0,339,0,0,1367,,4,0,174,,28,0,339,0,0,45,,4,0,8,,0,0,0,0,0,1322,,0,0,166,,0,0,0,0,0,0,,0,0,0,,,,,9777025.0,,,,,,,,278129.0,,89979.0,278129.0,,89979.0,368108.0,368108,
United States,2022-09-01,,,168421,,21.05160617828369,,55,,,55,,,,,362,,,362,,,,0,,,,,47,2974,,3021,464,2974,,3438,,,,,4,,,4,15,207,,222,19,207,,226,483,3181,,3664,43987,253188,,297175,1.1056195944547653,1.2212914526462555,,1.205874353647232,55,0,362,0,0,3021,,4,0,222,,55,0,362,0,0,47,,4,0,15,,0,0,0,0,0,2974,,0,0,207,,0,0,0,0,0,0,,0,0,0,,,,,7997829.0,,,,,,,,256369.0,,44471.0,256369.0,,44471.0,300840.0,300840,
United States,2022-10-01,,,445343,,37.53395767211914,,765,,,765,,,,,2675,,,2675,,,,0,,,,,301,36319,,36620,3741,36319,,40060,,,,,24,,,24,16,559,,575,40,559,,599,3781,36878,,40659,42974,471331,,514305,7.897944736480713,6.54832878112793,,6.66186032295227,765,0,2675,0,0,36620,,24,0,575,,765,0,2675,0,0,301,,24,0,16,,0,0,0,0,0,36319,,0,0,559,,0,0,0,0,0,0,,0,0,0,,,,,11685548.0,,,,,,,,508209.0,,46756.0,508209.0,,46756.0,554965.0,554965,
United States,2022-11-01,,,628489,,65.0855188369751,,1873,,,1873,,,,,6682,,,6682,,,,0,,,,,1533,139519,,141052,10088,139519,,149607,,,,,9,,,9,7,728,,735,16,728,,744,10104,140247,,150351,32971,511399,,544370,23.284547805786133,21.16101861000061,,21.293456077575684,1873,0,6682,0,0,141052,,9,0,735,,1873,0,6682,0,0,1533,,9,0,7,,0,0,0,0,0,139519,,0,0,728,,0,0,0,0,0,0,,0,0,0,,,,,9667722.0,,,,,,,,651646.0,,43076.0,651646.0,,43076.0,694722.0,694722,
United States,2022-12-01,,,561862,,62.28799057006836,,1982,,,1982,,,,,5791,,,5791,,,,0,,,,,1851,141610,,143461,9624,141610,,151234,,,,,21,,,21,6,740,,746,27,740,,767,9651,142350,,152001,31072,503116,,534188,23.307008743286133,21.602686643600464,,21.699045419692993,1982,0,5791,0,0,143461,,21,0,746,,1982,0,5791,0,0,1851,,21,0,6,,0,0,0,0,0,141610,,0,0,740,,0,0,0,0,0,0,,0,0,0,,,,,8972269.0,,,,,,,,645466.0,,40723.0,645466.0,,40723.0,686189.0,686189,
United States,2023-01-01,,,335588,,30.442687225341796,,1075,,,1075,,,,,1956,,,1956,,,,0,,,,,453,21471,,21924,3484,21471,,24955,,,,,65,,,65,9,836,,845,74,836,,910,3558,22307,,25865,33857,511479,,545336,8.99459924697876,3.9863593101501467,,4.318390917778015,1075,0,1956,0,0,21924,,65,0,845,,1075,0,1956,0,0,453,,65,0,9,,0,0,0,0,0,21471,,0,0,836,,0,0,0,0,0,0,,0,0,0,,,,,10995285.0,,,,,,,,533786.0,,37415.0,533786.0,,37415.0,571201.0,571201,
United States,2023-02-01,,,235247,,25.981914520263672,,352,,,352,,,,,297,,,297,,,,0,,,,,73,3225,,3298,722,3225,,3947,,,,,89,,,89,21,976,,997,110,976,,1086,832,4201,,5033,27572,375862,,403434,2.9145184755325317,1.0987663716077805,,1.2246684432029724,352,0,297,0,0,3298,,89,0,997,,352,0,297,0,0,73,,89,0,21,,0,0,0,0,0,3225,,0,0,976,,0,0,0,0,0,0,,0,0,0,,,,,9053375.0,,,,,,,,380063.0,,28404.0,380063.0,,28404.0,408467.0,408467,
United States,2023-03-01,,,217951,,24.034910678863525,,251,,,251,,,,,127,,,127,,,,0,,,,,49,1949,,1998,427,1949,,2376,,,,,121,,,121,44,1222,,1266,165,1222,,1387,592,3171,,3763,23754,326479,,350233,2.4480987191200256,0.9613114595413208,,1.0626263916492462,251,0,127,0,0,1998,,121,0,1266,,251,0,127,0,0,49,,121,0,44,,0,0,0,0,0,1949,,0,0,1222,,0,0,0,0,0,0,,0,0,0,,,,,9068628.0,,,,,,,,329650.0,,24346.0,329650.0,,24346.0,353996.0,353996,
United States,2023-04-01,,,184773,,20.563721179962158,,187,,,187,,,,,55,,,55,,,,0,,,,,24,1112,,1136,266,1112,,1378,,,,,169,,,169,53,1262,,1315,222,1262,,1484,488,2374,,2862,17743,241737,,259480,2.6890400648117065,0.9655441045761108,,1.0849130302667618,187,0,55,0,0,1136,,169,0,1315,,187,0,55,0,0,24,,169,0,53,,0,0,0,0,0,1112,,0,0,1262,,0,0,0,0,0,0,,0,0,0,,,,,8991724.0,,,,,,,,244111.0,,18231.0,244111.0,,18231.0,262342.0,262342,
United States,2023-05-01,,,217923,,19.68898277282715,,233,,,233,,,,,27,,,27,,,,0,,,,,17,1064,,1081,277,1064,,1341,,,,,263,,,263,54,1638,,1692,317,1638,,1955,594,2702,,3296,15675,239506,,255181,3.722209024429321,1.1274161100387574,,1.2881438732147217,233,0,27,0,0,1081,,263,0,1692,,233,0,27,0,0,17,,263,0,54,,0,0,0,0,0,1064,,0,0,1638,,0,0,0,0,0,0,,0,0,0,,,,,11063521.0,,,,,,,,242208.0,,16269.0,242208.0,,16269.0,258477.0,258477,
United States,2023-06-01,,,130183,,15.11553406715393,,260,,,260,,,,,30,,,30,,,,0,,,,,19,847,,866,309,847,,1156,,,,,190,,,190,28,630,,658,218,630,,848,527,1477,,2004,9187,137200,,146387,5.420735716819763,1.0634199529886246,,1.3512309789657593,260,0,30,0,0,866,,190,0,658,,260,0,30,0,0,19,,190,0,28,,0,0,0,0,0,847,,0,0,630,,0,0,0,0,0,0,,0,0,0,,,,,8607994.0,,,,,,,,138677.0,,9714.0,138677.0,,9714.0,148391.0,148391,
United States,2023-07-01,,,131609,,12.365546035766602,,302,,,302,,,,,23,,,23,,,,0,,,,,17,1035,,1052,342,1035,,1377,,,,,129,,,129,9,594,,603,138,594,,732,480,1629,,2109,8754,152060,,160814,5.348518562316895,1.0604730367660522,,1.2950005531311035,302,0,23,0,0,1052,,129,0,603,,302,0,23,0,0,17,,129,0,9,,0,0,0,0,0,1035,,0,0,594,,0,0,0,0,0,0,,0,0,0,,,,,10647893.0,,,,,,,,153689.0,,9234.0,153689.0,,9234.0,162923.0,162923,
United States,2023-08-01,,,147958,,16.769509315490723,,213,,,213,,,,,37,,,37,,,,0,,,,,28,890,,918,278,890,,1168,,,,,89,,,89,16,517,,533,105,517,,622,383,1407,,1790,7426,171963,,179389,4.912188172340393,0.8203643262386322,,0.9997767060995102,213,0,37,0,0,918,,89,0,533,,213,0,37,0,0,28,,89,0,16,,0,0,0,0,0,890,,0,0,517,,0,0,0,0,0,0,,0,0,0,,,,,8805059.0,,,,,,,,173370.0,,7809.0,173370.0,,7809.0,181179.0,181179,
United States,2023-09-01,,,185422,,20.90805721282959,,337,,,337,,,,,43,,,43,,,,0,,,,,40,1283,,1323,420,1283,,1703,,,,,103,,,103,14,708,,722,117,708,,825,537,1991,,2528,11516,235041,,246557,4.507339894771576,0.8357245624065399,,1.009996935725212,337,0,43,0,0,1323,,103,0,722,,337,0,43,0,0,40,,103,0,14,,0,0,0,0,0,1283,,0,0,708,,0,0,0,0,0,0,,0,0,0,,,,,8869532.0,,,,,,,,237032.0,,12053.0,237032.0,,12053.0,249085.0,249085,
United States,2023-10-01,,,315771,,25.349042892456055,,1196,,,1196,,,,,141,,,141,,,,0,,,,,167,4031,,4198,1504,4031,,5535,,,,,347,,,347,47,1830,,1877,394,1830,,2224,1898,5861,,7759,13704,337512,,351216,12.153276062011718,1.6723633050918578,,2.1252779245376585,1196,0,141,0,0,4198,,347,0,1877,,1196,0,141,0,0,167,,347,0,47,,0,0,0,0,0,4031,,0,0,1830,,0,0,0,0,0,0,,0,0,0,,,,,12456755.0,,,,,,,,343373.0,,15602.0,343373.0,,15602.0,358975.0,358975,
United States,2023-11-01,,,365109,,36.61046028137207,,2255,,,2255,,,,,464,,,464,,,,0,,,,,574,17072,,17646,3293,17072,,20365,,,,,634,,,634,123,5369,,5492,757,5369,,6126,4050,22441,,26491,10367,382973,,393340,28.209928035736084,5.4480321407318115,,6.221134662628174,2255,0,464,0,0,17646,,634,0,5492,,2255,0,464,0,0,574,,634,0,123,,0,0,0,0,0,17072,,0,0,5369,,0,0,0,0,0,0,,0,0,0,,,,,9978982.0,,,,,,,,405414.0,,14417.0,405414.0,,14417.0,419831.0,419831,
United States,2023-12-01,,,578748,,56.93675518035889,,4388,,,4388,,,,,1174,,,1174,,,,0,,,,,1241,70187,,71428,6803,70187,,76990,,,,,1050,,,1050,190,15179,,15369,1240,15179,,16419,8043,85366,,93409,10975,503017,,513992,42.308884620666504,14.402090311050415,,15.277412176132202,4388,0,1174,0,0,71428,,1050,0,15369,,4388,0,1174,0,0,1241,,1050,0,190,,0,0,0,0,0,70187,,0,0,15179,,0,0,0,0,0,0,,0,0,0,,,,,10211485.0,,,,,,,,588383.0,,19018.0,588383.0,,19018.0,607401.0,607401,
United States,2024-01-01,,,575084,,46.73822784423828,,4299,,,4299,,,,,1762,,,1762,0,,,0,,,,,995,70639,,71634,7056,70639,,77695,,,,,1461,,,1461,281,23426,,23707,1742,23426,,25168,8798,94065,,102863,13401,534805,,548206,39.69273681640625,15.001193809509278,,15.839662742614745,4299,0,1762,0,0,71634,,1461,0,23707,,4299,0,1762,0,0,995,,1461,0,281,,0,0,0,0,0,70639,,0,0,23426,,0,0,0,0,0,0,,0,0,0,,,,,12292592.0,,,,,,,,628870.0,,22199.0,628870.0,,22199.0,651069.0,651069,
United States,2024-02-01,,,432821,,42.83331108093262,,2040,,,2040,,,,,1674,,,1674,0,,,0,,,,,711,42274,,42985,4425,42274,,46699,,,,,1798,,,1798,236,30820,,31056,2034,30820,,32854,6459,73094,,79553,9826,398922,,408748,39.68425273895264,15.470869779586792,,16.277271270751953,2040,0,1674,0,0,42985,,1798,0,31056,,2040,0,1674,0,0,711,,1798,0,236,,0,0,0,0,0,42274,,0,0,30820,,0,0,0,0,0,0,,0,0,0,,,,,10106355.0,,,,,,,,472016.0,,16285.0,472016.0,,16285.0,488301.0,488301,
United States,2024-03-01,,,332448,,33.31419038772583,,1063,,,1063,,,,,1285,,,1285,0,,,0,,,,,512,22345,,22857,2860,22345,,25205,,,,,1441,,,1441,143,21237,,21380,1584,21237,,22821,4444,43582,,48026,8179,333886,,342065,34.943984031677246,11.415709495544434,,12.174896717071533,1063,0,1285,0,0,22857,,1441,0,21380,,1063,0,1285,0,0,512,,1441,0,143,,0,0,0,0,0,22345,,0,0,21237,,0,0,0,0,0,0,,0,0,0,,,,,9968529.0,,,,,,,,377468.0,,12623.0,377468.0,,12623.0,390091.0,390091,
United States,2024-04-01,,,299620,,24.21755905151367,,673,,,673,,,,,1014,,,1014,0,,,0,,,,,240,10100,,10340,1927,10100,,12027,,,,,867,,,867,137,8590,,8727,1004,8590,,9594,2931,18690,,21621,5451,343247,,348698,34.25470123291016,5.0169782638549805,,5.67893648147583,673,0,1014,0,0,10340,,867,0,8727,,673,0,1014,0,0,240,,867,0,137,,0,0,0,0,0,10100,,0,0,8590,,0,0,0,0,0,0,,0,0,0,,,,,12383851.0,,,,,,,,361937.0,,8382.0,361937.0,,8382.0,370319.0,370319,
United States,2024-05-01,,,192233,,19.889726161956787,,206,,,206,,,,,387,,,387,1,,,1,,,,,104,2502,,2606,698,2502,,3200,,,,,224,,,224,25,1275,,1300,249,1275,,1524,947,3777,,4724,3589,198096,,201685,20.810439586639404,1.8572585880756378,,2.2759124636650085,206,0,387,1,0,2606,,224,0,1300,,206,0,387,1,0,104,,224,0,25,,0,0,0,0,0,2502,,0,0,1275,,0,0,0,0,0,0,,0,0,0,,,,,9660509.0,,,,,,,,201873.0,,4536.0,201873.0,,4536.0,206409.0,206409,
United States,2024-06-01,,,150050,,15.9243323802948,,291,,,291,,,,,508,,,508,0,,,0,,,,,88,1563,,1651,887,1563,,2450,,,,,152,,,152,12,378,,390,164,378,,542,1051,1941,,2992,4135,161530,,165665,20.49569320678711,1.175295576453209,,1.7659551203250885,291,0,508,0,0,1651,,152,0,390,,291,0,508,0,0,88,,152,0,12,,0,0,0,0,0,1563,,0,0,378,,0,0,0,0,0,0,,0,0,0,,,,,9418751.0,,,,,,,,163471.0,,5186.0,163471.0,,5186.0,168657.0,168657,
United States,2024-07-01,,,170496,,14.651207160949706,,326,,,326,,,,,537,,,537,11,,,11,,,,,104,1343,,1447,978,1343,,2321,,,,,42,,,42,4,167,,171,46,167,,213,1024,1510,,2534,6128,207462,,213590,14.401762580871582,0.7311875820159912,,1.1854732155799865,326,0,537,11,0,1447,,42,0,171,,326,0,537,11,0,104,,42,0,4,,0,0,0,0,0,1343,,0,0,167,,0,0,0,0,0,0,,0,0,0,,,,,11637041.0,,,,,,,,208972.0,,7152.0,208972.0,,7152.0,216124.0,216124,
United States,2024-08-01,,,159672,,16.800307273864746,,275,,,275,,,,,346,,,346,1,,,1,,,,,51,809,,860,673,809,,1482,,,,,14,,,14,1,121,,122,15,121,,136,688,930,,1618,4871,207946,,212817,12.420673847198486,0.4473639950156212,,0.760050818324089,275,0,346,1,0,860,,14,0,122,,275,0,346,1,0,51,,14,0,1,,0,0,0,0,0,809,,0,0,121,,0,0,0,0,0,0,,0,0,0,,,,,9493644.0,,,,,,,,208876.0,,5559.0,208876.0,,5559.0,214435.0,214435,
United States,2024-09-01,,,236715,,19.20784111022949,,395,,,395,,,,,387,,,387,4,,,4,,,,,79,1405,,1484,865,1405,,2270,,,,,20,,,20,0,206,,206,20,206,,226,885,1611,,2496,5597,297548,,303145,13.715141677856446,0.5359101891517639,,0.8138617277145386,395,0,387,4,0,1484,,20,0,206,,395,0,387,4,0,79,,20,0,0,,0,0,0,0,0,1405,,0,0,206,,0,0,0,0,0,0,,0,0,0,,,,,12330683.0,,,,,,,,299159.0,,6482.0,299159.0,,6482.0,305641.0,305641,
United States,2024-10-01,,,226887,,21.026467323303223,,415,,,415,,,,,432,,,432,43,,,43,,,,,90,2300,,2390,980,2300,,3280,,,,,39,,,39,21,270,,291,60,270,,330,1040,2570,,3610,4532,280302,,284834,18.61623239517212,0.9039407074451447,,1.244934767484665,415,0,432,43,0,2390,,39,0,291,,415,0,432,43,0,90,,39,0,21,,0,0,0,0,0,2300,,0,0,270,,0,0,0,0,0,0,,0,0,0,,,,,10782130.0,,,,,,,,282872.0,,5572.0,282872.0,,5572.0,288444.0,288444,